,Name,Wins,Losses,Draws,Height,Weight,Reach,Stance,Age,SLpM,StrAcc,SApM,StrDef,TDAvg,TDAcc,TDDef,SubAvg
0,Nariman Abbasov,28,4,0,172.7,155,66,1,32,3.00,20,5.67,46,0.00,0,66,0.0
1,Darion Abbey,9,5,0,188.0,265,80,1,33,8.44,50,14.06,28,0.00,0,0,0.0
2,Hamdy Abdelwahab,7,1,0,188.0,265,72,2,33,4.27,55,3.67,51,3.25,65,100,0.0
3,Farida Abdueva,8,2,0,160.0,115,66,1,22,4.52,47,4.34,54,0.00,0,85,0.0
4,Mansur Abdul-Malik,9,2,1,188.0,185,80,1,28,3.34,45,4.50,45,1.64,46,80,0.3
5,Akbar Abdullaev,14,0,0,175.3,155,70,1,29,9.47,100,0.00,100,0.00,0,0,0.0
6,Tahir Abdullayev,20,3,0,172.7,170,73,1,29,2.56,42,2.42,51,2.07,33,100,0.0
7,Shamil Abdurakhimov,20,8,0,190.5,235,76,1,45,2.41,44,3.02,55,1.01,23,45,0.1
8,Daichi Abe,6,2,0,180.3,170,71,1,34,3.80,33,4.49,56,0.33,50,0,0.0
9,Klidson Abreu,15,4,0,182.9,205,74,1,33,2.05,40,2.90,55,0.64,20,80,0.0
10,Loai Abushaar,7,2,0,190.5,155,76,1,30,3.93,57,9.84,23,0.00,0,25,0.0
11,John Adajar,6,2,0,175.3,170,75,1,35,3.90,52,6.28,44,0.00,0,0,0.0
12,Juan Adams,5,3,0,195.6,265,80,1,34,7.09,55,4.06,34,0.91,66,57,0.0
13,Anthony Adams,8,2,0,185.4,185,76,1,38,3.17,41,5.93,44,0.00,0,0,0.0
14,Matt Adams,6,3,0,180.3,235,75,1,29,0.00,0,22.94,27,0.00,0,0,0.0
15,Zarrukh Adashev,4,4,0,165.1,125,65,2,34,3.65,40,3.04,64,0.00,0,100,0.5
16,Israel Adesanya,24,6,0,193.0,185,80,3,37,4.03,48,3.22,55,0.05,9,76,0.1
17,Mohamed Ado,5,1,0,180.3,170,76,3,26,1.66,83,0.33,75,4.97,50,50,5.0
18,Mariya Agapova,10,5,0,167.6,125,68,2,29,4.43,54,3.62,52,0.55,66,45,0.8
19,Jessica Aguilar,20,8,0,160.0,115,63,1,44,4.93,50,7.19,53,0.94,25,50,0.2
20,Kevin Aguilar,17,5,0,170.2,155,73,1,38,3.96,40,4.81,52,0.16,16,78,0.0
21,Jesus Aguilar,12,4,0,162.6,125,62,1,30,2.54,38,2.29,61,1.52,29,45,1.1
22,Christian Aguilera,14,8,0,175.3,170,72,3,34,2.54,37,4.04,48,0.00,0,60,0.0
23,Nick Aguirre,7,2,0,175.3,135,74,2,30,0.73,33,2.89,45,1.16,20,33,0.6
24,Agulali,13,2,0,175.3,125,67,3,21,2.74,60,2.19,59,0.00,0,100,0.0
25,Ahejiang Ailinuer,17,4,0,175.3,145,72,2,28,2.22,71,0.73,58,5.44,44,100,0.0
26,Ashiek Ajim,6,2,0,172.7,135,71,3,32,5.00,40,11.25,25,0.00,0,0,0.0
27,Omari Akhmedov,21,6,1,182.9,185,73,1,38,2.97,34,2.84,55,2.58,45,65,0.2
28,Yoshihiro Akiyama,14,6,0,177.8,170,75,1,51,3.10,41,3.62,57,2.29,67,92,1.0
29,Rostem Akman,6,2,0,177.8,170,72,3,34,1.80,25,3.97,57,1.00,40,87,0.0
30,Abdul-Kareem Al-Selwady,16,4,0,172.7,155,69,1,31,4.61,41,3.43,60,1.47,23,54,0.0
31,Mostapha Al-Turk,6,6,0,188.0,245,77,1,53,1.36,19,3.61,53,0.00,0,0,0.0
32,Herdem Alacabek,5,1,0,188.0,205,75,1,35,3.84,65,6.66,23,2.06,50,42,0.0
33,Alatengheili,18,10,2,165.1,135,66,1,34,2.71,31,4.96,56,1.88,42,75,0.0
34,Amir Albazi,17,3,0,165.1,125,68,1,32,2.47,33,3.88,59,1.18,25,62,0.4
35,John Albert,6,5,0,172.7,135,68,1,39,3.05,49,2.82,35,0.00,0,50,6.1
36,Junior Albini,14,6,0,190.5,264,74,1,35,3.98,51,6.08,52,1.54,37,100,0.0
37,Aleksandra Albu,3,2,0,157.5,115,63,1,36,4.83,47,5.56,38,2.27,50,77,0.4
38,Iuri Alcantara,35,10,0,175.3,135,71,2,46,2.72,45,2.79,49,1.44,62,60,0.8
39,Ildemar Alcantara,21,11,0,188.0,185,78,1,43,1.93,38,2.63,50,2.00,68,81,0.9
40,Irene Aldana,15,8,0,175.3,135,68,1,38,5.19,39,6.64,56,0.15,50,77,0.2
41,Hector Aldana,4,3,0,180.3,170,72,1,38,3.59,38,5.08,59,0.93,100,0,0.0
42,Jose Alday,14,6,1,170.2,135,68,1,35,3.13,44,3.13,58,0.00,0,57,0.0
43,Jose Aldo,32,10,0,170.2,135,70,1,40,3.65,46,3.81,60,0.47,51,92,0.1
44,JJ Aldrich,15,8,0,165.1,125,67,2,34,3.93,46,4.39,61,0.66,23,67,0.0
45,Irina Alekseeva,5,4,0,172.7,135,67,1,36,3.42,38,5.02,45,0.38,20,50,0.4
46,Talita Alencar,8,1,1,154.9,115,58,1,35,3.09,36,3.67,51,3.01,29,66,0.5
47,Jim Alers,13,3,0,175.3,145,71,1,39,2.90,40,4.38,56,2.26,41,80,0.3
48,John Alessio,35,17,0,177.8,155,72,1,47,2.10,39,2.91,54,1.85,38,70,1.2
49,Houston Alexander,17,15,1,182.9,205,72,1,54,3.06,54,3.20,52,1.19,57,33,0.0
50,Lucas Alexander,8,5,0,180.3,145,73,1,31,4.69,57,2.87,56,0.00,0,60,0.0
51,Marcio Alexandre Junior,17,4,0,182.9,185,75,2,37,1.61,45,2.89,42,0.35,20,66,0.7
52,Bill Algeo,18,9,0,182.9,145,73,3,37,5.88,51,4.38,47,1.03,50,55,0.1
53,Sultan Aliev,15,3,0,180.3,170,74,1,42,1.41,45,2.20,56,1.76,38,100,0.0
54,Nurullo Aliev,12,0,0,177.8,155,72,1,25,2.29,44,1.59,55,3.48,51,80,0.5
55,Kimbert Alintozon,7,4,0,160.0,135,65,1,27,2.39,52,4.06,46,1.56,33,75,0.0
56,Ikram Aliskerov,18,2,0,182.9,185,76,2,33,5.56,60,4.01,45,3.82,68,100,0.7
57,Leon Aliu,10,2,0,182.9,185,74,1,37,6.32,50,10.11,38,0.00,0,0,0.0
58,Michael Aljarouj,13,4,0,165.1,125,66,1,29,0.67,31,1.87,42,0.00,0,62,1.0
59,John Allan,13,7,0,185.4,205,75,1,33,3.56,42,5.74,52,1.40,71,50,0.8
60,Arnold Allen,21,4,0,172.7,145,70,2,32,3.52,43,3.15,60,1.24,60,73,0.3
61,Brendan Allen,27,7,0,188.0,185,75,1,30,3.75,52,3.78,47,1.52,41,57,1.1
62,Daniel Allen,5,0,0,182.9,155,75,2,34,7.60,51,5.87,53,2.00,66,100,0.0
63,Ben Alloway,18,8,0,180.3,170,76,1,45,1.28,49,1.90,59,0.62,50,26,0.0
64,Asu Almabayev,24,3,0,162.6,125,65,1,32,2.28,51,1.94,53,4.74,45,44,1.4
65,Bekzat Almakhan,12,4,0,170.2,135,68,1,28,2.58,39,4.23,52,0.00,0,59,0.0
66,John Dave Almanza,6,1,0,170.2,125,67,2,22,1.92,41,5.75,27,0.00,0,0,0.0
67,Ricardo Almeida,13,5,0,182.9,170,74,1,49,2.02,49,1.20,61,3.74,38,31,1.2
68,Thomas Almeida,22,5,0,170.2,145,70,2,35,4.84,43,4.93,61,0.17,14,75,0.0
69,Jailton Almeida,22,5,0,190.5,225,79,1,35,2.23,62,1.30,43,5.64,55,60,1.7
70,Lucas Almeida,15,5,0,180.3,145,71,1,35,4.94,39,5.36,44,0.00,0,53,0.0
71,Cesar Almeida,7,3,0,185.4,185,74,1,38,3.73,60,2.23,44,0.20,33,53,0.2
72,Sarah Alpar,9,6,0,162.6,135,63,2,35,2.36,44,6.06,38,1.61,26,20,0.4
73,Ali AlQaisi,8,5,0,167.6,135,68,1,36,2.43,42,1.97,56,3.50,29,60,1.0
74,Abe Alsaghir,9,0,0,172.7,155,71,1,25,3.20,41,5.47,50,0.00,0,0,1.0
75,Victor Altamirano,12,5,0,172.7,125,70,3,35,4.58,53,3.82,53,2.88,38,63,0.0
76,Patricia Alujas,9,3,0,162.6,115,64,1,30,5.83,31,9.25,44,0.00,0,0,0.0
77,Eddie Alvarez,29,6,0,175.3,155,69,1,42,4.32,41,4.39,55,2.92,36,92,0.5
78,Jaime Alvarez,6,1,0,172.7,125,69,1,38,2.73,40,4.53,56,1.00,33,50,0.0
79,Joel Alvarez,23,5,0,190.5,170,77,1,33,4.59,52,4.13,47,0.15,33,48,0.9
80,Thiago Alves,23,15,0,175.3,170,70,1,42,3.73,41,3.42,62,0.71,60,63,0.3
81,Warlley Alves,15,8,0,180.3,185,72,1,35,3.04,48,3.95,50,1.22,50,62,0.8
82,Rafael Alves,20,12,0,172.7,155,68,1,35,1.85,48,3.30,58,0.29,25,44,1.5
83,Sam Alvey,33,18,1,188.0,185,75,2,40,3.28,44,3.63,52,0.06,14,82,0.1
84,Christopher Alvidrez,7,1,0,182.9,170,74,1,29,6.97,62,2.11,50,0.00,0,100,0.0
85,Mahamed Aly,5,2,0,188.0,205,77,1,32,5.89,59,11.41,42,0.00,0,0,0.0
86,Adlan Amagov,14,2,1,188.0,170,76,1,39,3.29,47,0.82,78,5.84,56,100,0.0
87,Alen Amedovski,8,4,0,177.8,185,74,1,38,0.99,30,3.85,46,0.00,0,0,0.0
88,Hyder Amil,11,3,0,175.3,145,70,3,36,5.83,52,4.04,50,0.52,16,65,0.8
89,Makwan Amirkhani,17,9,0,177.8,145,72,2,37,1.33,44,2.98,46,3.96,43,35,1.1
90,Jaqueline Amorim,11,2,0,160.0,115,68,1,31,2.26,49,2.06,54,2.01,33,0,4.3
91,Yaroslav Amosov,30,1,0,182.9,170,75,1,33,2.65,53,1.38,60,11.11,53,0,3.2
92,Eryk Anders,18,9,0,185.4,185,75,2,39,3.44,47,4.03,50,1.83,25,80,0.1
93,Corey Anderson,14,5,0,190.5,205,79,1,37,4.43,46,2.22,59,4.89,50,83,0.0
94,Megan Anderson,11,5,0,182.9,145,72,1,36,1.76,46,3.35,37,0.52,25,53,0.5
95,Liam Anderson,6,3,0,190.5,185,75,1,31,3.00,52,6.53,31,1.00,20,50,0.0
96,Damien Anderson,5,1,0,172.7,145,69,2,29,0.47,35,0.40,45,0.00,0,33,1.0
97,Tatsuya Ando,14,4,1,162.6,145,68,2,36,0.93,19,4.93,50,0.00,0,0,0.0
98,Jessica Andrade,26,15,0,154.9,115,62,1,35,6.37,48,5.58,54,2.10,54,75,0.3
99,Viscardi Andrade,19,6,0,180.3,170,75,1,42,3.26,42,2.77,63,1.93,50,66,0.3
100,Dylan Andrews,18,7,0,185.4,185,74,3,46,2.21,50,2.72,46,2.83,50,57,0.4
101,Pavel Andrusca,9,0,0,170.2,145,66,1,24,3.33,47,1.87,67,4.00,21,0,1.0
102,Angga,13,3,0,170.2,145,68,1,37,3.56,38,3.77,53,0.00,0,33,0.0
103,Collin Anglin,8,3,0,175.3,145,71,1,33,4.59,48,5.54,51,2.28,66,100,0.0
104,Chad Anheliger,13,8,0,167.6,135,64,1,39,3.11,46,2.76,53,0.68,30,38,0.5
105,Magomed Ankalaev,22,2,1,190.5,205,75,1,34,3.52,52,2.49,55,0.85,24,87,0.2
106,Gadzhimurad Antigulov,20,8,0,180.3,205,70,1,39,2.08,55,4.21,40,5.08,36,0,1.4
107,Adam Antolin,12,3,0,165.1,125,63,1,44,5.73,52,5.00,69,0.00,0,100,0.0
108,Vanilto Antunes,16,7,0,182.9,170,72,1,31,5.49,48,14.27,43,0.00,0,0,0.0
109,Shinsho Anzai,10,3,0,170.2,170,70,1,40,3.23,58,3.75,45,1.83,16,75,0.0
110,Jin Aoi,16,7,1,170.2,145,67,1,29,1.73,35,4.23,51,3.17,35,71,0.6
111,Aoriqileng,26,14,0,170.2,135,69,1,33,4.29,49,5.62,46,1.05,46,60,0.1
112,Alex Apodaca,4,1,0,170.2,135,71,3,32,3.20,38,2.00,61,0.00,0,83,0.0
113,Felipe Arantes,18,10,1,172.7,135,73,1,38,2.37,45,2.66,64,0.93,47,41,0.7
114,Igor Araujo,25,9,0,185.4,170,77,1,45,1.52,42,2.86,49,0.86,15,22,0.6
115,Viviane Araujo,13,7,0,162.6,125,68,1,39,3.84,47,4.83,55,1.72,43,75,0.6
116,Julio Arce,19,6,0,170.2,145,70,2,36,4.36,36,3.05,68,0.46,28,96,0.3
117,Alice Ardelean,12,7,0,160.0,115,62,1,34,7.00,46,4.97,61,1.08,50,85,0.2
118,Dan Argueta,9,3,0,170.2,135,68,2,33,2.48,43,3.44,50,4.36,35,55,1.4
119,Ryoga Arimoto,10,2,2,160.0,125,63,1,27,5.07,43,5.40,47,1.00,50,60,0.0
120,Hashem Arkhagha,6,1,0,188.0,185,75,1,37,1.84,44,8.97,43,0.00,0,50,0.0
121,Andrei Arlovski,34,24,0,190.5,240,77,1,47,3.82,45,3.22,57,0.37,35,76,0.2
122,Garrett Armfield,10,5,0,167.6,135,70,1,29,5.35,53,3.64,56,1.10,50,64,0.6
123,Austin Arnett,16,6,0,182.9,145,72,1,34,4.52,41,6.38,62,0.44,18,57,0.2
124,Eli Aronov,6,1,0,177.8,185,72,1,30,8.92,68,6.49,38,12.16,100,0,0.0
125,Akbarh Arreola,23,11,1,177.8,155,71,2,43,2.32,45,4.01,56,1.07,100,33,0.4
126,Matt Arroyo,3,3,0,177.8,170,72,1,44,1.62,47,2.01,58,2.12,36,100,5.3
127,Antonio Arroyo,9,5,0,190.5,185,73,1,37,2.82,66,2.02,50,1.14,41,41,0.2
128,Kai Asakura,23,6,0,172.7,135,69,1,32,3.07,39,3.15,51,0.00,0,50,0.0
129,Teddy Ash,14,5,0,185.4,185,73,3,36,7.27,61,6.80,28,0.00,0,100,0.0
130,Yanal Ashmouz,8,2,0,175.3,155,69,1,31,2.88,50,4.78,50,3.24,38,64,0.0
131,Askar Askar,11,1,0,170.2,145,69,1,32,0.00,0,0.00,0,0.00,0,0,0.0
132,Askar Askarov,14,1,1,167.6,125,67,1,33,3.05,54,2.80,57,2.60,24,66,0.4
133,Cyril Asker,9,4,0,182.9,247,74,1,40,3.35,39,5.82,35,4.41,62,100,0.9
134,Khusein Askhabov,23,1,0,172.7,145,69,1,31,2.00,26,4.13,56,0.00,0,66,0.0
135,Scott Askham,14,4,0,190.5,185,75,2,38,3.03,46,3.52,52,0.44,18,65,0.7
136,Ben Askren,19,2,0,180.3,170,73,1,42,3.64,49,5.66,36,4.33,55,0,0.9
137,Ibo Aslan,14,4,0,190.5,205,77,1,30,5.75,48,3.96,56,0.00,0,87,0.0
138,Tom Aspinall,15,3,0,195.6,255,78,1,33,7.63,67,3.62,56,2.62,80,100,1.3
139,Steven Asplund,8,2,0,195.6,260,78,1,28,7.88,53,5.25,48,0.00,0,100,0.4
140,Junior Assuncao,16,6,0,175.3,145,72,1,45,3.31,62,2.06,44,2.43,24,66,0.7
141,Raphael Assuncao,28,10,0,165.1,135,66,1,44,3.22,42,2.50,66,1.65,39,78,0.2
142,Michael Aswell Jr.,12,5,0,172.7,145,69,1,26,7.03,43,6.26,53,0.20,20,61,0.0
143,Rich Attonito,10,5,0,177.8,170,72,1,49,2.28,47,2.13,59,0.74,37,75,0.0
144,Olivier Aubin-Mercier,11,5,0,175.3,155,70,2,37,2.48,51,2.97,55,2.36,33,70,0.5
145,Marcus Aurelio,22,10,0,177.8,155,74,1,53,1.42,33,2.27,59,1.69,27,27,1.3
146,Blas Avena,8,7,0,182.9,170,74,1,43,2.34,47,3.36,43,2.37,80,50,1.8
147,Julia Avila,9,4,0,170.2,135,68,1,38,2.81,42,3.28,55,0.63,37,52,0.2
148,Jessin Ayari,16,6,0,182.9,155,73,1,34,3.53,37,3.59,58,0.00,0,50,0.3
149,Abu Azaitar,14,4,1,175.3,185,76,1,40,4.38,43,4.32,51,1.00,37,42,0.0
150,Ottman Azaitar,13,3,0,172.7,155,71,3,36,4.43,44,4.11,52,0.00,0,100,0.0
151,Hunter Azure,9,2,0,172.7,145,69,1,34,3.92,53,2.08,58,1.97,34,67,1.3
152,Seth Baczynski,20,14,0,190.5,170,75,1,44,3.08,31,3.14,51,0.89,16,48,0.8
153,Ryan Bader,23,5,0,188.0,205,74,1,43,2.82,43,1.39,71,3.37,44,80,0.4
154,Miguel Baeza,10,4,0,188.0,170,74,1,34,4.09,49,5.92,46,0.36,22,54,2.0
155,Ali Bagautinov,15,6,0,162.6,125,65,1,41,2.85,42,3.09,52,2.51,36,65,0.3
156,Melsik Baghdasaryan,8,4,0,175.3,145,70,2,34,4.98,58,3.15,56,0.00,0,70,0.0
157,Siyar Bahadurzada,24,8,1,180.3,170,73,1,42,2.91,40,3.23,49,1.32,61,62,0.3
158,Ignacio Bahamondes,18,7,0,190.5,170,75,1,29,5.90,46,3.93,56,0.00,0,68,0.6
159,Bahatebole Batebolati,10,1,1,172.7,170,71,2,29,4.02,45,4.83,61,1.34,66,100,0.0
160,Shamar Bailey,16,11,0,175.3,155,75,2,44,1.56,20,3.91,69,1.50,33,37,0.0
161,Balajin,23,4,0,175.3,145,72,1,34,1.40,33,2.73,50,2.00,20,66,0.0
162,Gary Balletto,11,4,0,172.7,170,70,3,31,1.24,33,5.73,40,0.00,0,0,0.0
163,Eros Baluyot,7,1,0,162.6,125,65,1,33,2.31,75,1.54,60,0.00,0,0,0.0
164,Oluwale Bamgbose,6,4,0,180.3,185,78,3,39,2.45,48,2.70,55,0.94,33,37,0.0
165,Humberto Bandenay,14,7,0,180.3,145,71,2,32,2.22,41,4.79,41,2.90,46,62,0.5
166,Tae Hyun Bang,18,10,0,175.3,155,71,3,43,2.72,38,2.07,66,0.49,33,57,0.5
167,Shauna Bannon,7,3,0,165.1,115,65,3,32,3.85,44,3.25,45,0.00,0,47,0.5
168,Antonio Banuelos,20,11,1,165.1,135,63,1,47,2.69,33,3.15,58,1.62,62,86,0.4
169,Iwo Baraniewski,9,1,0,182.9,205,73,1,27,5.83,56,5.03,59,0.80,20,83,0.0
170,Renan Barao,34,9,0,167.6,145,70,1,39,3.78,36,3.90,57,1.49,41,91,0.5
171,Maycee Barber,15,3,0,165.1,125,65,3,28,4.56,53,2.78,55,1.56,45,51,0.1
172,Bryan Barberena,18,12,0,182.9,185,72,2,37,5.35,48,4.59,44,0.13,22,50,0.3
173,Djani Barbir,7,1,0,190.5,185,79,1,29,3.64,40,4.55,66,0.00,0,0,0.0
174,Dione Barbosa,10,4,0,167.6,125,66,1,34,2.15,45,2.29,64,2.47,44,63,2.1
175,Marcio Barbosa,19,2,0,167.6,145,70,1,28,5.99,46,5.03,57,0.00,0,100,0.0
176,Edson Barboza,24,15,0,180.3,155,75,1,40,4.15,44,4.76,55,0.42,50,73,0.1
177,Raoni Barcelos,22,6,0,170.2,135,67,1,39,4.77,52,4.34,59,2.88,33,86,1.0
178,Daniel Barez,17,8,0,167.6,125,66,1,37,4.60,48,6.93,50,1.71,29,80,0.5
179,Danny Barlow,9,2,0,188.0,185,79,2,31,5.81,51,4.65,52,0.00,0,100,0.0
180,Luke Barnatt,13,4,0,198.1,185,77,1,38,4.43,36,3.87,59,0.63,42,63,0.4
181,James Barnes,14,5,0,172.7,135,71,1,44,0.57,34,3.02,39,1.08,16,40,0.0
182,Shonte Barnes,6,2,1,180.3,185,76,2,39,2.32,38,1.55,67,0.00,0,60,0.0
183,Josh Barnett,35,8,0,190.5,250,78,1,48,3.20,50,2.11,57,1.26,55,55,1.4
184,Chris Barnett,23,10,0,175.3,261,75,1,40,3.36,47,6.55,36,0.00,0,35,0.0
185,Phil Baroni,15,18,0,175.3,170,72,1,50,2.77,45,3.93,40,1.46,47,60,0.5
186,Peter Barrett,11,5,0,177.8,145,73,2,40,4.18,61,4.32,42,1.39,22,66,0.0
187,Marc-Andre Barriault,17,11,0,185.4,185,74,1,36,5.65,47,5.94,49,0.34,28,68,0.1
188,Francimar Barroso,19,7,0,185.4,205,75,1,46,2.77,52,3.07,59,2.22,24,83,0.0
189,Pat Barry,8,7,0,180.3,235,74,1,47,2.72,52,3.54,59,0.00,0,76,0.2
190,Dean Barry,4,2,0,177.8,170,72,1,34,9.31,40,4.66,51,0.00,0,100,0.0
191,Enrique Barzola,17,5,2,170.2,145,70,1,37,3.91,41,2.97,68,4.20,45,66,0.3
192,Javid Basharat,15,2,0,175.3,135,69,1,31,5.18,54,2.75,63,1.83,40,83,0.1
193,Farid Basharat,16,0,0,172.7,135,71,1,29,4.46,54,3.24,60,3.57,37,54,0.3
194,Austin Bashi,14,2,0,167.6,145,70,1,25,1.89,42,2.34,52,6.09,35,63,1.4
195,Namsrai Batbayar,10,2,0,162.6,125,68,1,25,4.20,41,3.50,44,1.56,27,100,0.5
196,Bryan Battle,13,2,0,185.4,185,77,1,32,5.12,52,4.11,44,0.77,17,53,0.4
197,Alan Baudot,8,3,0,190.5,243,79,1,38,5.36,58,4.82,46,0.00,0,62,0.0
198,Mario Bautista,18,3,0,175.3,135,69,3,33,5.52,50,4.17,54,2.49,38,57,1.1
199,Chris Beal,10,5,0,170.2,125,69,1,41,3.45,35,3.18,61,1.60,58,78,0.2
200,Donovan Beard,7,2,0,188.0,185,78,1,36,0.00,0,5.77,28,0.00,0,0,0.0
201,Ariel Beck,4,5,0,167.6,125,66,2,36,4.44,34,4.31,64,0.00,0,0,0.0
202,Jack Becker,13,6,0,177.8,155,71,1,33,1.01,39,5.82,26,1.68,50,0,0.0
203,Johnny Bedford,21,13,1,177.8,135,71,1,43,4.53,50,1.75,63,1.83,62,62,0.0
204,Rolando Bedoya,14,5,0,180.3,155,74,1,29,6.23,47,5.50,52,0.00,0,75,0.2
205,Chase Beebe,24,13,1,170.2,135,67,1,41,2.17,38,1.64,69,2.49,42,41,0.9
206,Allan Begosso,7,2,1,165.1,135,66,1,30,1.80,40,7.73,34,0.00,0,25,2.0
207,Azamat Bekoev,20,5,0,182.9,185,72,1,30,4.57,52,6.83,31,3.48,43,62,0.0
208,Mirsad Bektic,13,4,0,172.7,145,70,1,35,2.43,41,1.80,57,3.98,52,92,0.4
209,Diana Belbita,15,10,0,170.2,125,68,1,30,6.45,41,6.55,51,0.86,62,64,0.0
210,Alan Belcher,18,8,0,188.0,185,75,1,42,2.70,41,3.10,59,0.44,26,55,0.9
211,Vitor Belfort,26,14,0,182.9,185,74,2,49,1.59,46,2.83,50,1.02,60,53,0.6
212,Yousri Belgaroui,11,3,0,198.1,185,79,1,34,6.44,63,2.28,63,0.27,100,66,0.0
213,Rodolfo Bellato,13,4,1,190.5,205,77,1,30,4.94,59,5.73,45,1.17,35,95,0.2
214,Danilo Belluardo,12,5,0,182.9,155,74,2,32,1.52,61,4.79,41,3.50,100,50,0.0
215,Joey Beltran,17,14,0,185.4,185,75,1,44,4.92,36,5.27,54,0.48,18,75,0.0
216,Marco Beltran,8,6,0,172.7,125,69,1,40,2.07,37,1.93,63,0.70,50,46,0.2
217,Joseph Benavidez,28,8,0,162.6,125,65,2,42,3.52,34,2.67,61,1.41,30,62,0.6
218,Gabriel Benitez,23,13,0,172.7,155,71,2,38,5.26,41,4.49,63,0.22,50,55,0.9
219,DeAnna Bennett,8,3,1,162.6,125,68,1,41,3.13,58,3.27,58,0.00,0,0,1.0
220,Benjamin Bennett,7,1,0,182.9,170,73,3,32,4.53,54,4.53,65,6.00,60,0,0.0
221,Lance Benoist,7,2,0,180.3,170,72,2,38,3.68,51,2.70,56,1.50,33,61,0.0
222,Ryan Benoit,10,8,0,165.1,125,68,1,37,2.88,39,3.65,58,0.28,22,72,0.4
223,Delphine Benouaich,8,2,0,160.0,115,63,1,31,15.59,58,7.69,63,0.00,0,0,1.6
224,Theodor Berggren,8,4,0,180.3,170,75,3,26,3.49,35,10.78,33,0.00,0,0,0.0
225,Kenneth Bergh,8,0,0,188.0,205,74,1,37,4.56,75,1.27,28,0.00,0,0,0.0
226,Arlind Berisha,5,1,0,198.1,205,77,1,25,2.99,60,5.98,37,0.00,0,0,0.0
227,Dennis Bermudez,17,9,0,167.6,155,66,1,39,4.42,46,3.07,59,3.89,40,82,1.1
228,Manny Bermudez,14,2,0,177.8,145,71,1,32,2.92,61,2.68,46,3.06,54,0,3.1
229,Talita Bernardo,6,4,0,162.6,135,68,1,39,3.12,42,4.04,55,1.62,22,28,0.5
230,Aieza Bertolso,8,0,0,170.2,115,69,1,25,1.98,60,1.98,0,4.95,100,0,5.0
231,Matt Bessette,22,9,0,177.8,145,70,1,41,4.36,41,4.45,58,0.64,28,61,0.3
232,Khadzhi Bestaev,10,4,0,198.1,185,76,3,38,6.15,29,10.00,43,0.00,0,0,0.0
233,Arjan Bhullar,9,1,0,185.4,245,75,1,40,2.33,56,3.25,59,1.73,75,100,0.0
234,KB Bhullar,8,2,0,193.0,185,78,3,34,4.31,49,5.39,45,0.00,0,0,0.0
235,Magomed Bibulatov,14,2,0,165.1,125,65,1,38,3.60,51,1.83,52,2.85,40,75,0.0
236,David Bielkheden,24,12,0,177.8,155,71,1,47,1.11,57,1.64,54,2.65,63,14,0.0
237,Blake Bilder,8,2,1,172.7,145,68,3,36,3.81,48,4.15,53,0.31,7,71,0.6
238,Jonas Bilharinho,9,1,1,180.3,145,75,3,36,3.71,60,3.36,57,0.00,0,100,0.0
239,Anthony Birchak,16,8,0,172.7,135,69,1,40,3.93,36,3.67,56,0.48,14,61,0.5
240,Angad Bisht,10,3,0,170.2,125,67,1,31,3.91,51,4.56,33,2.41,37,100,0.0
241,Michael Bisping,30,9,0,185.4,185,75,1,47,4.33,38,2.71,65,1.05,43,63,0.3
242,Caio Bittencourt,14,7,0,182.9,185,75,1,35,0.29,16,0.57,33,0.00,0,0,0.0
243,Davi Bittencourt,14,4,0,165.1,135,65,1,31,4.15,66,1.51,46,14.15,33,0,0.0
244,Jan Blachowicz,29,12,2,188.0,205,78,1,43,3.53,50,3.23,51,0.97,48,70,0.4
245,Tina Black,17,4,0,162.6,115,63,1,30,3.69,40,2.79,63,0.00,0,78,0.0
246,Brad Blackburn,18,13,1,177.8,170,73,1,49,4.55,35,3.59,65,0.93,50,76,0.7
247,Sherrard Blackledge,5,1,0,180.3,155,75,1,33,3.70,49,3.13,55,4.00,33,42,0.0
248,Da'Mon Blackshear,17,8,1,177.8,135,72,3,32,4.33,45,4.19,52,1.48,33,71,1.5
249,Chasen Blair,7,4,0,177.8,155,71,1,27,4.31,39,5.39,55,0.00,0,100,0.0
250,Erin Blanchfield,14,2,0,162.6,125,66,1,27,5.24,44,4.25,58,1.96,34,78,0.9
251,Maximo Blanco,12,8,1,172.7,145,71,1,42,4.11,44,3.19,66,1.85,36,63,0.3
252,Curtis Blaydes,20,6,0,193.0,265,80,1,35,3.99,51,2.70,55,5.04,47,35,0.0
253,Tereza Bleda,7,2,0,175.3,125,71,1,24,2.92,51,2.14,43,1.72,22,83,0.7
254,Mark Bocek,12,5,0,172.7,155,75,1,44,2.34,43,2.32,60,3.65,36,31,1.3
255,Kyle Bochniak,8,5,0,170.2,145,70,1,39,2.63,31,5.11,58,1.14,15,62,0.0
256,James Bochnovic,8,3,0,193.0,205,81,1,37,0.65,26,3.64,21,0.00,0,0,0.0
257,Tim Boetsch,21,13,0,182.9,185,74,1,45,2.93,50,2.90,57,1.45,34,59,0.8
258,Galore Bofando,5,3,0,180.3,170,72,3,44,3.63,45,3.63,54,2.37,100,50,0.0
259,Roman Bogatov,10,1,0,172.7,155,73,1,35,3.33,42,4.40,44,1.00,9,50,0.0
260,Mandy Bohm,8,2,0,170.2,125,71,1,37,2.51,45,3.24,60,0.72,18,75,0.7
261,Gaston Bolanos,9,5,0,170.2,145,69,1,34,3.91,47,3.54,54,0.75,75,50,0.0
262,Otgonbaatar Boldbaatar,6,1,0,165.1,125,67,1,23,3.26,29,7.83,52,0.00,0,0,0.0
263,Denys Bondar,14,5,0,167.6,125,69,1,34,4.59,50,5.16,56,3.99,58,62,0.0
264,Gabriel Bonfim,20,1,0,185.4,170,72,1,29,4.76,47,3.61,64,2.57,53,78,1.0
265,Ismael Bonfim,20,7,0,172.7,155,71,1,30,5.10,54,3.96,62,1.22,33,76,0.0
266,Stephan Bonnar,15,9,0,193.0,205,79,1,49,2.76,38,3.01,52,1.32,40,60,1.0
267,Rogerio Bontorin,16,4,0,165.1,125,67,1,34,2.63,52,3.27,50,2.90,60,51,1.0
268,Luca Borando,9,2,0,175.3,145,68,2,26,0.00,0,16.88,25,0.00,0,0,0.0
269,Ray Borg,13,5,0,162.6,135,63,1,33,1.52,52,1.93,48,3.89,50,46,1.0
270,Kevin Borjas,11,6,0,165.1,125,68,1,28,3.70,42,5.44,49,0.00,0,70,0.0
271,Calen Born,7,1,0,172.7,170,72,3,38,0.00,0,0.00,0,0.00,0,0,0.0
272,Caio Borralho,18,2,0,185.4,185,75,2,33,3.47,56,2.61,60,1.25,50,76,0.4
273,Zachary Borrego,3,1,0,188.0,185,78,3,30,0.00,0,1.94,33,0.00,0,0,0.0
274,Viacheslav Borshchev,8,7,1,180.3,155,69,1,34,5.10,50,4.46,57,0.00,0,43,0.1
275,Tanner Boser,22,11,1,188.0,245,75,1,35,4.82,53,3.00,57,0.00,0,69,0.0
276,Steve Bosse,12,2,0,180.3,205,72,1,45,5.99,52,5.38,50,0.92,33,100,0.0
277,Poliana Botelho,8,5,0,172.7,125,67,1,37,2.90,58,2.80,54,0.85,57,76,0.0
278,Ilian Bouafia,7,0,0,195.6,185,78,2,29,2.00,47,1.67,65,0.00,0,100,0.0
279,Kyron Bowen,9,5,0,190.5,185,73,1,32,2.73,57,2.05,40,0.00,0,0,0.0
280,Brian Bowles,10,3,0,170.2,135,70,1,46,2.36,26,2.98,64,1.39,70,54,1.4
281,Roger Bowling,12,6,0,175.3,155,68,1,43,3.90,47,3.86,51,3.09,43,27,0.9
282,Kyle Bradley,19,12,0,175.3,155,71,1,44,1.99,40,3.45,58,0.65,50,40,0.0
283,Sean Brady,19,2,0,177.8,170,72,1,33,4.08,53,2.77,59,3.58,51,86,0.8
284,Ramiz Brahimaj,13,7,0,177.8,170,72,1,33,2.14,49,3.23,46,1.97,34,46,1.4
285,Adam Bramhald,13,3,0,177.8,135,70,1,32,7.65,45,8.05,33,0.00,0,100,0.0
286,David Branch,22,6,0,185.4,185,78,1,45,1.66,39,1.91,56,2.55,32,43,0.0
287,Billy Brand,5,2,0,167.6,135,65,1,30,2.86,25,8.57,40,0.00,0,75,0.0
288,Diego Brandao,22,11,0,170.2,145,64,1,39,2.94,47,3.38,62,3.21,68,80,0.6
289,Bruna Brasil,11,7,1,167.6,115,65,1,33,2.56,57,3.75,52,1.23,52,57,0.1
290,Martin Bravo,11,3,0,172.7,145,71,2,33,7.66,39,5.72,51,2.60,35,85,0.0
291,Mike Breeden,11,6,0,177.8,155,70,1,37,5.75,45,7.28,42,0.98,30,67,0.0
292,Tom Breese,12,3,0,190.5,185,73,2,35,3.34,50,2.81,60,0.00,0,70,1.1
293,Elves Brener,17,6,0,177.8,155,72,1,29,4.82,48,5.67,50,0.94,16,71,0.0
294,Lucas Brennan,11,3,0,177.8,145,72,2,26,0.60,25,2.20,52,0.00,0,33,1.0
295,Charlie Brenneman,19,8,0,177.8,155,70,1,45,1.52,56,1.55,46,4.23,42,72,0.0
296,Marcos Brigagao,11,1,0,190.5,205,76,2,30,3.07,43,3.27,25,0.00,0,36,0.0
297,Jason Brilz,22,6,1,180.3,205,71,1,51,2.66,40,1.78,65,2.37,25,25,1.3
298,Marcus Brimage,7,7,0,162.6,135,71,2,41,3.97,35,3.64,56,0.56,100,80,0.0
299,Henry Briones,16,8,1,172.7,135,69,1,45,3.47,42,4.68,53,0.00,0,52,0.6
300,Joanderson Brito,20,5,1,172.7,145,72,1,31,2.53,51,2.31,43,3.16,67,57,1.2
301,Kaik Brito,20,6,0,182.9,170,74,1,29,5.95,52,6.19,53,0.60,33,55,1.2
302,Antwain Britt,11,6,0,185.4,205,77,3,48,1.46,39,2.81,44,1.56,40,50,0.0
303,Jonathan Brookins,16,10,0,182.9,145,74,2,41,2.69,39,3.63,56,1.94,17,80,0.3
304,Will Brooks,18,4,0,177.8,155,72,1,39,4.26,59,2.54,56,2.08,51,82,0.3
305,Jarred Brooks,13,2,0,160.0,125,62,3,33,2.12,46,1.66,62,4.54,57,69,0.6
306,Rob Broughton,16,7,1,188.0,265,74,1,43,2.83,60,2.54,51,0.00,0,26,3.2
307,Matt Brown,26,19,0,182.9,170,75,1,45,3.76,55,2.92,55,1.68,46,63,1.3
308,Mike Brown,26,9,0,167.6,145,70,1,51,2.98,44,2.45,60,3.23,40,66,0.6
309,Randy Brown,20,8,0,190.5,170,78,1,36,4.39,47,3.35,53,0.71,34,74,0.5
310,Damien Brown,17,12,0,177.8,155,68,1,41,3.66,38,4.86,50,0.68,27,53,0.7
311,TJ Brown,17,11,0,175.3,145,72,3,36,3.37,44,2.89,49,3.41,57,36,1.3
312,Travis Browne,18,7,1,198.1,255,79,1,44,2.93,41,4.31,42,1.21,68,75,0.2
313,Cody Brundage,12,9,1,182.9,185,72,1,32,2.50,51,2.95,50,1.80,41,66,0.5
314,Derek Brunson,23,9,0,185.4,185,77,2,42,3.51,47,3.05,51,3.14,33,85,0.6
315,Robert Bryczek,18,8,0,182.9,185,75,1,36,2.72,40,3.74,54,0.26,100,79,0.3
316,Lukasz Brzeski,9,7,1,190.5,236,78,1,34,4.90,50,3.65,54,0.41,33,35,0.4
317,Marcus Buchecha,5,3,1,188.0,255,77,1,36,1.59,50,2.15,50,2.02,16,0,0.4
318,Justin Buchholz,15,10,0,182.9,155,73,1,43,2.35,26,4.14,51,0.00,0,33,0.8
319,Joaquin Buckley,21,8,0,177.8,170,76,2,32,3.62,36,3.10,58,1.43,45,70,0.1
320,Martin Buday,16,2,0,193.0,265,77,1,34,4.39,53,4.49,55,0.15,20,93,0.1
321,Julia Budd,10,2,0,170.2,145,67,3,43,2.42,74,1.18,47,3.60,57,83,0.0
322,Dylan Budka,7,5,0,182.9,185,75,3,26,1.06,38,1.80,42,1.93,38,76,0.4
323,Mike Budnik,13,4,0,175.3,145,68,1,52,0.65,52,0.95,53,0.00,0,0,3.4
324,Mayra Bueno Silva,10,7,1,167.6,135,66,1,35,3.52,56,4.71,51,0.46,23,64,1.3
325,Paul Buentello,35,17,0,188.0,245,77,1,52,3.29,45,3.83,52,0.19,33,39,0.4
326,Marek Bujlo,6,1,0,193.0,265,77,1,33,2.07,38,3.27,37,0.00,0,0,0.0
327,Modestas Bukauskas,21,7,0,190.5,205,76,3,32,3.10,43,3.89,49,0.21,66,77,0.1
328,Felipe Bunes,14,9,0,170.2,125,69,1,36,3.17,46,4.57,47,1.08,25,40,1.4
329,Shane Burgos,15,3,0,180.3,145,75,1,35,7.40,52,6.78,56,0.43,44,91,0.4
330,Joshua Burkman,28,16,0,177.8,170,72,1,46,2.69,43,3.13,51,2.53,36,72,0.3
331,Justin Burlinson,6,1,0,185.4,170,74,3,29,1.24,40,3.09,61,0.00,0,100,9.3
332,Mads Burnell,9,3,0,172.7,145,69,1,32,1.28,41,2.71,51,3.45,47,22,0.4
333,Kevin Burns,12,7,0,177.8,170,74,1,46,2.74,38,4.30,52,0.28,50,47,0.8
334,Gilbert Burns,22,10,0,177.8,170,71,1,40,3.16,48,3.68,52,2.04,35,53,0.4
335,Herbert Burns,11,6,0,175.3,145,73,1,38,1.86,36,5.17,41,2.94,34,66,1.8
336,Dakota Bush,8,4,0,177.8,155,73,1,32,2.77,38,4.42,41,2.40,33,0,0.0
337,Jesse Butler,12,6,0,177.8,135,73,1,34,2.02,34,4.62,39,0.00,0,0,0.0
338,JP Buys,9,6,0,165.1,135,67,1,30,1.88,39,3.02,40,1.55,25,25,2.3
339,Dennis Buzukja,12,7,0,175.3,145,70,3,29,4.28,44,4.76,48,0.55,27,72,0.2
340,Charles Byrd,10,7,0,177.8,185,73,1,42,3.43,55,2.63,55,2.50,50,40,1.5
341,Yan Cabral,13,3,0,180.3,155,73,1,43,2.02,47,1.98,62,2.89,35,37,1.2
342,Alex Caceres,21,15,0,177.8,145,73,2,38,4.21,49,3.09,62,0.54,68,64,0.7
343,Vince Cachero,7,4,0,167.6,145,68,1,36,3.29,45,6.51,43,0.00,0,18,0.5
344,Priscila Cachoeira,13,9,0,170.2,135,65,1,38,4.35,44,7.45,45,0.37,50,69,0.0
345,Yudi Cahyadi,8,3,0,167.6,145,68,1,34,4.80,62,6.72,48,0.00,0,0,0.0
346,Lucas Caldas,6,2,0,172.7,155,70,1,30,4.80,41,15.67,39,0.00,0,0,0.0
347,Carlos Calderon,6,3,0,180.3,145,71,2,30,4.85,42,4.98,33,3.93,33,0,0.0
348,Nicolle Caliari,9,4,0,160.0,115,62,1,29,2.88,39,5.59,52,3.38,29,50,1.0
349,Cynthia Calvillo,9,6,1,162.6,115,64,1,39,4.41,38,4.12,64,1.80,44,77,0.8
350,Frank Camacho,22,10,0,177.8,155,73,1,37,6.56,46,7.44,51,1.11,31,73,0.0
351,Lucas Camacho,6,1,0,193.0,265,80,1,33,4.08,38,8.16,6,0.00,0,0,0.0
352,Matheus Camilo,11,3,0,177.8,155,69,1,25,2.22,43,3.05,66,4.16,53,0,0.6
353,Fabricio Camoes,14,9,1,177.8,155,71,1,47,1.29,33,1.85,61,2.34,32,20,1.5
354,Chris Camozzi,24,13,0,188.0,185,75,1,39,3.57,44,2.96,56,0.27,19,57,0.5
355,Brian Camozzi,7,5,0,188.0,170,78,1,35,3.15,26,6.39,54,0.00,0,0,0.7
356,Shane Campbell,14,6,0,182.9,155,71,1,39,3.99,59,3.19,55,1.36,28,82,0.0
357,Charlie Campbell,9,3,0,182.9,155,72,1,31,5.23,51,4.17,55,2.45,36,62,0.0
358,Kitt Campbell,16,7,0,185.4,170,73,1,32,5.40,53,2.51,60,0.94,10,50,0.0
359,Kurtis Campbell,9,1,0,175.3,145,72,3,24,3.41,61,1.50,58,12.77,50,50,0.8
360,Will Campuzano,14,6,0,175.3,125,70,1,40,2.43,31,3.82,57,0.88,45,48,0.2
361,Aleksa Camur,6,3,0,185.4,205,74,1,31,4.73,57,4.26,54,0.46,22,50,0.0
362,Chico Camus,17,7,0,167.6,125,66,1,41,2.58,41,2.46,64,0.77,40,72,0.4
363,Carlos Candelario,8,3,0,172.7,125,68,2,35,3.97,46,5.17,44,2.28,36,53,0.3
364,Luiz Cane,17,7,0,188.0,185,77,2,45,4.79,41,5.00,60,0.56,28,100,0.3
365,Guido Cannetti,10,8,0,167.6,135,68,2,46,3.44,55,2.84,51,2.27,55,64,0.4
366,Jared Cannonier,18,10,0,180.3,185,77,3,42,4.25,49,4.36,55,0.77,45,64,0.0
367,Steve Cantwell,7,6,0,188.0,185,75,1,39,3.63,34,5.76,55,0.65,30,80,0.7
368,Gigi Canuto,7,2,0,157.5,115,64,1,23,3.73,52,7.07,38,4.00,57,0,1.0
369,Phil Caracappa,6,1,0,172.7,135,70,1,34,2.93,50,4.07,29,1.00,8,100,1.0
370,Bryan Caraway,21,9,0,172.7,135,68,1,42,2.53,34,3.61,54,2.57,25,80,0.8
371,Chris Cariaso,17,8,0,160.0,125,64,2,45,3.35,43,2.23,61,1.11,39,57,0.8
372,Antonio Carlos Junior,11,5,0,188.0,185,79,1,36,1.95,42,2.14,52,3.42,39,53,0.8
373,Spike Carlyle,9,3,0,172.7,145,71,3,33,2.55,54,3.85,30,3.34,36,57,0.5
374,Francis Carmont,25,12,0,190.5,205,78,1,44,2.22,42,1.64,59,1.79,36,73,0.6
375,Liz Carmouche,13,7,0,167.6,125,66,1,42,2.78,54,2.51,61,2.57,51,65,0.3
376,Roan Carneiro,21,11,0,180.3,170,76,1,48,1.46,46,1.82,62,3.05,42,83,1.4
377,Ariane Carnelossi,15,5,0,157.5,115,61,1,33,2.68,38,4.69,43,1.06,50,22,0.2
378,Luana Carolina,11,5,0,167.6,135,69,1,33,4.65,51,3.46,51,0.30,37,68,0.6
379,Clayton Carpenter,8,3,0,167.6,125,66,1,30,3.88,50,4.47,49,1.75,35,50,1.0
380,Jack Cartwright,10,1,0,175.3,135,68,1,32,0.80,38,3.33,29,6.00,66,0,2.0
381,Antonio Carvalho,15,6,0,175.3,145,70,1,47,3.03,29,3.62,64,0.00,0,100,0.0
382,Shane Carwin,12,2,0,188.0,265,80,1,51,4.38,47,3.53,53,1.42,33,42,0.0
383,Johnny Case,22,6,0,177.8,155,72,1,37,3.95,38,2.66,61,1.70,45,72,0.2
384,Kevin Casey,9,5,2,180.3,185,77,2,45,2.27,53,3.76,46,0.79,22,27,0.4
385,Cortney Casey,10,10,0,170.2,125,67,1,39,4.29,39,4.00,55,0.39,31,39,0.5
386,John Castaneda,21,9,1,167.6,135,71,3,34,4.81,51,4.74,55,1.34,37,72,0.3
387,Danny Castillo,17,10,0,175.3,155,71,1,47,2.57,42,1.96,62,2.95,38,63,0.2
388,Nick Catone,10,4,0,182.9,185,72,2,45,2.11,44,2.32,63,3.71,44,83,0.5
389,Gesias Cavalcante,21,10,1,172.7,155,71,1,43,1.98,35,3.11,51,1.25,36,66,1.1
390,Rafael Cavalcante,12,7,0,185.4,205,74,1,46,2.71,53,3.62,49,0.60,40,63,0.1
391,Jacqueline Cavalcanti,10,2,0,172.7,135,70,1,29,5.30,46,2.98,68,0.00,0,85,0.0
392,Igor Cavalcanti,14,2,0,180.3,185,79,1,28,5.11,50,3.43,51,2.71,75,66,0.0
393,Magnus Cedenblad,14,5,0,195.6,185,79,1,44,2.38,51,3.02,40,2.87,64,66,1.0
394,Yosdenis Cedeno,10,6,1,172.7,155,69,1,41,1.64,29,1.60,67,0.00,0,31,0.3
395,Henry Cejudo,16,6,0,162.6,135,64,1,39,3.83,47,3.84,57,1.78,29,72,0.1
396,Vinicius Cenci,7,2,0,185.4,155,74,1,30,2.90,48,2.69,62,1.61,50,0,0.0
397,Vlasto Cepo,14,4,0,182.9,185,73,1,31,6.89,29,29.51,37,0.00,0,0,0.0
398,Katlyn Cerminara,18,6,0,175.3,125,68,1,37,4.58,34,4.48,62,0.31,15,50,0.3
399,Rafael Cerqueira,11,4,0,190.5,205,76,2,36,1.56,43,5.05,36,0.00,0,36,0.0
400,Donald Cerrone,36,17,0,185.4,155,73,1,43,4.41,46,4.48,53,1.16,33,73,1.2
401,Luan Chagas,15,3,1,182.9,170,75,1,33,4.16,47,3.19,62,0.32,12,85,0.3
402,Dagiisuren Chagnaadorj,12,2,0,172.7,145,71,1,26,2.86,27,3.03,58,4.20,50,100,0.8
403,Edgar Chairez,14,7,0,170.2,125,71,1,30,3.78,46,4.64,51,0.00,0,50,1.4
404,Alex Chambers,5,5,0,160.0,115,63,2,47,2.97,54,5.10,50,2.31,41,53,1.0
405,Michael Chandler,23,11,0,172.7,155,71,1,40,3.91,49,4.51,43,1.88,37,61,0.5
406,Chelsea Chandler,7,4,0,172.7,135,68,2,35,3.52,45,4.27,40,0.81,60,25,0.3
407,Eduardo Chapolin,15,3,0,170.2,125,67,1,30,3.46,41,3.38,57,3.38,60,84,0.0
408,Morgan Charriere,21,13,1,172.7,145,69,1,30,3.65,43,5.18,52,1.59,38,71,0.5
409,Terrance Chatman,5,2,0,182.9,265,76,1,29,0.22,25,1.12,44,0.00,0,66,3.4
410,Jeisla Chaves,8,1,0,167.6,115,68,1,29,5.02,54,4.49,53,1.42,37,62,0.5
411,Ernest Chavez,10,2,0,172.7,145,70,1,43,2.79,40,3.89,59,0.89,33,50,0.0
412,Danny Chavez,11,5,1,172.7,145,67,1,39,2.86,38,3.83,50,1.95,60,87,0.0
413,Fabio Cherant,7,4,0,185.4,205,74,2,31,1.35,40,4.89,38,0.00,0,0,0.0
414,Mark Cherico,11,1,0,170.2,145,69,1,40,3.69,34,7.37,56,5.03,50,0,0.0
415,Macy Chiasson,11,6,0,180.3,135,72,1,35,3.21,46,2.76,44,1.87,35,62,0.4
416,Michael Chiesa,20,7,0,185.4,170,75,2,38,2.02,40,1.73,57,3.11,47,65,1.0
417,Giga Chikadze,15,7,0,182.9,145,74,1,38,3.75,43,3.55,59,0.18,33,65,0.2
418,Khamzat Chimaev,15,1,0,188.0,185,75,1,32,4.01,54,2.98,52,5.32,58,87,1.4
419,Dooho Choi,17,5,1,177.8,145,70,1,35,5.03,54,4.69,56,1.21,53,59,0.5
420,SeungWoo Choi,11,8,0,182.9,145,74,1,33,3.56,38,3.16,47,0.83,54,70,0.0
421,SeungGuk Choi,7,3,0,167.6,125,64,1,29,2.69,42,2.69,65,1.02,27,74,0.0
422,DongHun Choi,9,0,0,165.1,125,66,3,27,4.54,66,3.13,58,0.46,14,81,0.0
423,Mark Choinski,8,1,0,172.7,155,69,1,30,3.87,50,7.33,33,2.00,18,0,0.0
424,Levan Chokheli,15,3,0,180.3,170,72,1,29,15.65,54,0.00,100,0.00,0,0,0.0
425,John Cholish,8,3,0,180.3,155,74,1,42,2.65,49,2.29,73,1.82,31,78,0.4
426,Ryo Chonan,22,13,0,175.3,170,70,1,49,2.57,43,2.25,60,0.61,41,39,0.3
427,Cody Chovancek,9,0,0,172.7,135,67,3,28,2.85,50,2.46,51,0.00,0,83,0.0
428,Joachim Christensen,14,6,0,190.5,205,76,1,47,3.78,41,3.29,46,0.00,0,0,0.0
429,Kevin Christian,9,4,0,200.7,205,80,1,31,2.19,58,3.54,40,0.00,0,50,1.9
430,Cameron Church,4,1,0,180.3,155,72,1,36,4.00,40,4.93,50,0.00,0,60,1.0
431,Hannah Cifers,10,7,0,154.9,115,62,1,34,4.99,44,5.39,52,0.26,100,64,0.3
432,Misha Cirkunov,15,9,0,190.5,205,77,1,39,3.86,51,3.06,57,4.15,39,76,1.7
433,Sean Clancy Jr.,9,0,0,185.4,170,72,1,23,5.73,60,1.24,66,1.69,100,0,0.0
434,Heather Clark,7,6,0,167.6,115,64,1,46,3.69,49,5.62,50,0.33,4,80,0.3
435,Devin Clark,14,9,0,182.9,205,75,1,36,3.03,54,3.24,44,2.17,32,58,0.1
436,Jessica-Rose Clark,11,9,0,165.1,135,64,1,38,3.73,51,3.51,58,1.66,42,62,0.3
437,Shannon Clark,5,1,0,165.1,125,64,1,34,11.51,58,20.55,35,0.00,0,0,0.0
438,Mitch Clarke,11,5,0,177.8,155,73,1,40,2.35,34,3.27,47,0.64,15,50,0.4
439,Rich Clementi,45,23,1,175.3,155,72,2,50,1.43,37,2.29,60,1.72,42,25,1.1
440,Chris Clements,12,6,0,177.8,170,70,1,50,3.20,49,2.37,44,0.00,0,32,0.3
441,Charlie Cleveland,6,2,0,188.0,246,75,2,28,3.93,53,9.84,53,0.00,0,0,0.0
442,Mark Climaco,9,2,0,162.6,125,65,2,28,4.13,59,2.90,57,3.50,36,46,0.0
443,Marloes Coenen,23,8,0,175.3,145,67,3,45,2.15,51,1.90,67,0.82,30,41,2.5
444,Felipe Colares,10,4,0,172.7,145,69,1,32,2.17,45,4.65,36,1.88,24,43,0.5
445,Chandler Cole,10,4,0,177.8,264,72,1,31,2.45,60,3.59,26,0.00,0,0,0.0
446,Mark Coleman,16,10,0,185.4,205,75,1,61,1.88,52,2.62,40,3.89,40,50,0.8
447,Clay Collard,14,7,0,180.3,145,73,1,33,4.22,32,5.00,50,2.81,39,71,0.5
448,Jamie Colleen,4,1,0,160.0,115,65,1,40,3.11,61,5.66,33,0.52,33,50,1.6
449,Jake Collier,13,10,0,190.5,230,78,1,37,5.80,44,5.08,50,0.71,33,67,0.6
450,Shane Collins,8,0,0,175.3,145,71,1,26,5.07,55,3.87,34,0.00,0,44,3.0
451,Willian Colorado,11,1,0,177.8,135,72,3,40,0.00,0,0.00,0,0.00,0,0,0.0
452,Rose Conceicao,7,1,0,139.7,115,65,1,29,3.07,28,6.73,60,0.00,0,0,0.0
453,Roque Conceicao,11,3,0,162.6,125,67,1,26,2.73,40,9.09,41,0.00,0,0,0.0
454,Carlos Condit,32,14,0,188.0,170,75,1,42,3.66,39,2.67,55,0.59,46,38,1.0
455,Jack Congdon,7,2,0,188.0,170,75,3,29,5.29,35,9.71,21,0.00,0,100,0.0
456,Tristan Connelly,14,8,0,177.8,145,68,1,40,3.31,51,2.96,50,0.33,14,60,0.3
457,Callum Connor,8,1,0,182.9,155,73,1,26,17.67,70,13.93,33,0.00,0,0,0.0
458,Amanda Cooper,3,5,0,160.0,115,64,3,34,3.55,44,3.20,51,1.53,38,28,1.8
459,Chris Cope,8,4,0,182.9,170,72,1,43,3.96,26,4.82,50,0.00,0,80,0.0
460,Michael Cora,4,1,0,185.4,170,77,2,37,0.80,28,0.13,66,0.00,0,25,0.0
461,Akira Corassani,12,6,0,172.7,145,68,1,44,3.25,45,4.91,50,0.70,28,86,0.0
462,Alden Coria,13,3,0,172.7,125,67,1,28,4.05,41,2.21,69,2.21,54,56,1.5
463,Daniel Cormier,22,3,0,180.3,235,72,1,47,4.25,52,2.92,54,1.83,44,80,0.4
464,Nora Cornolle,10,4,0,170.2,135,67,1,36,2.65,54,1.95,57,0.91,31,50,0.4
465,Bethe Correia,11,6,1,165.1,135,64,1,43,4.37,43,4.93,56,0.39,18,85,0.0
466,Waldo Cortes Acosta,17,4,0,193.0,260,78,1,34,5.03,47,3.44,55,0.36,50,69,0.1
467,Tracy Cortez,12,4,0,165.1,125,65,1,32,3.95,48,3.61,53,2.04,40,59,0.3
468,Reyes Cortez Jr.,7,3,0,170.2,135,68,1,34,4.10,45,7.43,52,1.50,11,100,0.0
469,Louis Cosce,7,2,0,175.3,170,71,1,31,4.31,45,5.35,47,1.04,20,50,0.5
470,Orion Cosce,8,2,0,180.3,170,71,3,32,2.77,53,4.02,44,1.92,40,61,0.0
471,Paulo Costa,16,4,0,185.4,205,72,1,35,6.15,59,5.96,49,0.30,42,77,0.0
472,Randy Costa,6,4,0,175.3,135,73,3,32,6.53,46,7.58,58,0.00,0,50,0.0
473,Alessandro Costa,17,5,0,162.6,125,67,1,30,3.77,46,3.71,57,0.70,26,87,0.7
474,Melquizael Costa,26,8,0,177.8,145,71,2,30,4.29,47,3.19,50,1.53,35,50,0.8
475,Vitor Costa,8,2,0,188.0,185,75,1,26,7.36,54,9.62,50,0.00,0,0,0.0
476,Oscar Cota,11,3,0,182.9,230,72,1,41,0.33,41,2.47,41,0.00,0,60,1.0
477,Patrick Cote,23,11,0,180.3,170,75,1,46,2.81,48,3.21,48,0.68,20,43,0.2
478,Rashad Coulter,9,4,0,180.3,205,76,1,44,4.82,56,6.68,50,0.00,0,62,0.0
479,Randy Couture,19,11,0,185.4,205,75,1,63,2.85,57,1.53,59,2.78,46,58,0.5
480,Ryan Couture,11,5,0,177.8,155,73,1,44,3.54,45,2.87,54,1.55,29,46,1.3
481,Colby Covington,17,5,0,180.3,170,72,1,38,3.81,38,3.09,54,3.64,42,68,0.2
482,Hailey Cowan,7,6,0,172.7,135,67,2,34,2.72,41,3.12,41,1.80,37,80,0.0
483,Nathan Coy,15,7,0,177.8,170,69,2,48,3.88,52,2.40,61,3.17,47,50,0.0
484,Andrew Craig,9,4,0,185.4,170,76,1,40,2.39,40,3.01,50,0.53,37,72,0.0
485,Paul Craig,17,10,1,190.5,205,76,1,38,2.50,45,3.04,43,1.43,18,35,1.3
486,Tim Credeur,12,4,0,190.5,185,75,1,49,3.59,30,3.13,57,0.41,100,50,3.3
487,Melissa Croden,8,3,0,175.3,135,68,1,35,4.27,47,2.13,59,2.02,50,66,0.3
488,Kevin Croom,21,15,0,180.3,135,73,1,39,2.65,34,3.10,41,0.48,5,30,0.5
489,Kiefer Crosbie,10,6,0,180.3,170,70,3,36,4.46,64,5.80,46,0.00,0,40,0.0
490,Ken Cross,11,3,0,182.9,155,72,2,31,2.20,57,1.40,55,1.00,12,66,0.0
491,Allen Crowder,10,4,0,190.5,245,76,1,36,2.95,51,2.95,56,1.85,33,100,1.2
492,Daron Cruickshank,18,10,0,172.7,155,72,3,41,2.88,38,2.98,57,2.04,41,60,0.2
493,Jimmy Crute,14,4,2,188.0,205,74,1,30,4.15,52,3.65,42,4.39,52,58,2.0
494,Dominick Cruz,24,4,0,172.7,135,68,1,41,3.91,33,2.61,70,2.82,42,83,0.1
495,Aalon Cruz,8,4,0,182.9,145,78,3,37,7.58,39,8.88,58,0.00,0,0,0.0
496,Timmy Cuamba,10,4,0,175.3,135,71,1,27,2.88,42,3.72,55,1.18,31,71,0.0
497,Josh Culibao,11,4,1,177.8,145,73,1,32,3.41,44,3.04,59,0.00,0,65,0.3
498,Zak Cummings,25,7,0,182.9,205,75,2,42,2.96,35,2.91,55,0.62,28,66,0.6
499,Patrick Cummins,10,7,0,188.0,205,76,1,45,4.26,50,3.35,55,4.49,41,28,0.1
500,Luke Cummo,6,6,0,182.9,170,74,1,46,1.74,43,1.50,59,0.89,55,42,1.4
501,Hugo Cunha,8,2,0,190.5,263,79,1,33,0.60,30,3.01,34,0.00,0,0,0.0
502,Alton Cunningham,4,2,0,188.0,205,77,1,33,3.33,75,4.94,20,1.67,10,100,0.0
503,AJ Cunningham,11,5,0,177.8,135,71,1,32,4.22,29,6.31,48,0.00,0,46,0.5
504,Tommy Cuozzi Jr.,8,1,0,175.3,145,71,1,27,2.43,17,14.22,34,0.00,0,0,0.0
505,Santo Curatolo,6,2,0,160.0,125,62,2,31,1.40,39,6.07,34,2.00,33,100,0.0
506,Jeff Curran,36,18,1,167.6,135,69,1,49,1.54,31,2.48,60,0.35,12,35,1.2
507,Kailin Curran,4,5,0,162.6,115,65,1,35,3.89,43,4.75,53,2.00,57,61,0.6
508,Will Currie,12,4,0,190.5,185,76,3,27,2.73,47,5.67,44,2.00,13,50,0.0
509,Chris Curtis,32,13,0,177.8,170,75,1,39,5.52,50,5.75,54,0.00,0,64,0.0
510,Ion Cutelaba,20,12,1,185.4,205,75,2,32,4.13,43,3.42,46,4.02,51,76,0.3
511,Henrique da Silva,14,5,0,190.5,205,76,1,37,3.89,60,5.28,40,0.25,14,22,0.2
512,Ariane da Silva,17,11,0,167.6,125,67,1,32,4.05,41,4.40,50,0.47,38,68,0.3
513,Alex Da Silva,21,4,0,172.7,155,73,1,30,2.14,46,2.52,56,1.97,43,76,0.3
514,Radley Da Silva,8,1,0,175.3,145,71,1,31,0.27,22,0.93,48,6.00,100,100,0.0
515,Deni Daffa,6,2,0,182.9,155,74,1,27,3.47,38,6.45,38,0.00,0,0,0.0
516,Nicolas Dalby,24,6,1,180.3,170,74,1,41,3.88,43,3.51,52,0.90,26,59,0.1
517,Paul Daley,39,15,2,175.3,170,76,1,43,3.14,47,2.37,60,0.91,40,64,0.0
518,Aisling Daly,16,6,0,157.5,115,64,1,38,2.92,52,1.40,55,2.15,41,33,0.9
519,Leonardo Damiani,10,3,1,177.8,170,69,1,36,1.67,23,4.17,37,0.00,0,50,0.0
520,Rodrigo Damm,13,9,0,170.2,155,71,1,46,3.50,36,5.61,57,0.44,16,80,0.3
521,Batgerel Danaa,12,5,0,170.2,135,70,1,37,5.38,36,4.21,47,0.52,50,62,0.0
522,Peter Danesoe,8,4,0,175.3,135,68,1,26,4.99,52,6.73,38,0.00,0,62,0.0
523,Jarjis Danho,7,1,1,190.5,265,74,1,42,3.38,50,5.25,49,0.51,16,100,0.0
524,Jose Daniel Medina,11,7,0,182.9,185,74,1,35,2.13,36,5.34,46,0.39,33,27,0.0
525,Mac Danzig,21,12,1,172.7,155,70,1,46,3.39,48,3.44,57,1.20,37,46,0.6
526,Karen Darabedyan,13,6,0,170.2,155,68,1,39,3.43,51,2.62,67,2.14,75,0,0.0
527,Adam Darby,8,1,0,190.5,170,78,3,27,14.25,55,4.96,45,0.00,0,0,0.0
528,Beneil Dariush,23,8,1,177.8,155,72,2,37,3.74,49,2.63,57,2.21,38,82,0.8
529,Alvi Dasuyev,10,0,0,182.9,170,73,2,24,5.87,39,5.07,43,2.00,22,0,0.0
530,Kyle Daukaus,17,5,0,188.0,185,76,2,33,3.16,53,2.94,42,1.97,25,79,2.0
531,Chris Daukaus,12,7,0,190.5,205,76,1,37,6.05,50,4.64,55,0.00,0,100,0.0
532,Marcus Davis,22,11,0,177.8,170,70,2,53,2.72,39,2.79,65,1.60,48,47,1.4
533,LC Davis,23,8,0,172.7,135,69,2,45,2.04,30,2.10,59,2.27,46,66,0.2
534,Phil Davis,17,4,0,188.0,205,79,1,42,2.85,34,1.33,72,2.99,38,72,0.6
535,Alexis Davis,21,11,0,167.6,135,68,1,41,4.63,49,4.45,54,0.95,44,34,0.7
536,Brandon Davis,14,10,0,177.8,135,72,1,36,4.68,35,4.62,58,0.74,42,57,0.1
537,Mike Davis,12,4,0,182.9,155,72,1,33,4.30,53,4.66,54,2.09,44,52,0.9
538,Hakeem Dawodu,13,4,1,172.7,145,73,1,35,5.45,50,3.37,56,0.00,0,65,0.0
539,Grant Dawson,24,3,1,177.8,155,72,3,32,3.14,51,2.14,44,3.58,39,66,1.4
540,Jason Day,19,12,0,182.9,185,72,1,45,3.61,54,3.46,47,1.13,100,0,0.0
541,Martin Day,8,6,0,177.8,145,73,1,37,3.97,45,3.79,53,0.72,60,65,0.5
542,Yorgan De Castro,6,3,0,182.9,250,74,1,39,2.46,43,3.85,53,0.00,0,77,0.0
543,Geraldo de Freitas,12,6,0,170.2,135,72,1,35,3.67,52,2.62,50,3.00,45,59,0.0
544,Philip De Fries,12,6,0,195.6,250,79,1,40,2.30,47,3.00,37,3.29,42,100,0.6
545,Chris de la Rocha,5,3,0,190.5,250,80,1,47,4.08,45,6.37,43,2.02,30,33,1.0
546,Montana De La Rosa,13,9,1,170.2,125,68,1,31,2.90,37,3.39,45,1.85,33,68,0.8
547,Mark De La Rosa,11,5,0,167.6,135,65,1,32,3.13,35,5.00,48,0.54,13,40,0.2
548,Mike de la Torre,14,7,0,180.3,145,71,1,40,3.21,39,4.75,51,0.36,16,83,0.0
549,Jair De Oliveira,6,1,0,175.3,205,69,3,30,3.98,60,3.45,69,0.00,0,0,0.0
550,Isabela de Padua,5,2,0,160.0,125,64,1,35,1.00,35,2.07,50,2.00,66,0,1.0
551,Gloria de Paula,6,5,0,165.1,115,67,1,31,4.89,53,3.77,66,0.74,37,65,0.5
552,Germaine de Randamie,10,5,0,175.3,135,71,1,42,2.57,46,2.00,65,0.00,0,65,0.4
553,Reinier de Ridder,22,4,0,193.0,185,78,2,36,3.18,54,2.26,47,2.44,29,40,0.5
554,Carl Deaton,17,7,0,170.2,155,69,1,36,1.53,31,1.85,61,0.00,0,50,0.0
555,Marcos Degli,15,3,0,167.6,125,67,1,26,1.95,67,0.51,75,4.61,50,0,4.6
556,Wallen Del Rosario,8,2,0,162.6,125,67,1,33,1.40,32,4.73,40,1.00,16,100,0.0
557,Yadier del Valle,11,1,0,175.3,145,69,2,30,4.12,61,2.13,55,1.21,42,61,2.0
558,Jose Delano,17,3,0,172.7,145,70,1,30,8.43,64,3.50,68,0.00,0,75,0.0
559,Rolando Delgado,11,6,1,190.5,155,77,1,44,1.56,40,1.83,62,1.17,22,0,3.5
560,Jose Delgado,12,3,0,180.3,145,73,3,28,5.50,50,3.95,52,1.11,35,62,0.0
561,Ante Delija,26,8,0,190.5,239,78,1,36,4.28,38,3.95,52,0.00,0,75,0.0
562,Jack Della Maddalena,18,4,0,180.3,170,73,3,30,5.32,51,4.24,61,0.34,20,64,0.1
563,Roland Delorme,9,5,0,175.3,135,71,1,42,2.28,44,4.32,40,2.51,34,42,1.6
564,Jon Delos Reyes,8,5,0,167.6,125,67,1,39,2.99,38,4.14,51,3.20,83,55,1.9
565,Vanessa Demopoulos,11,9,0,157.5,115,59,1,38,3.40,39,5.59,41,0.32,9,25,0.4
566,Chris Dempsey,11,5,0,177.8,185,72,1,39,2.25,32,2.82,65,2.64,23,16,0.0
567,Jason Dent,22,13,0,177.8,155,71,1,46,2.01,39,3.70,62,0.00,0,26,1.4
568,Mackenzie Dern,17,5,0,162.6,115,63,1,33,3.38,41,3.74,52,1.07,21,40,1.0
569,Tony DeSouza,11,4,0,182.9,170,70,2,52,1.12,52,1.57,41,2.25,42,40,1.5
570,Robelis Despaigne,7,2,0,200.7,265,84,1,38,2.08,53,2.38,49,0.66,100,61,0.0
571,Rabindra Dhant,11,1,0,170.2,135,69,3,27,3.09,52,2.80,46,1.22,25,73,0.6
572,Alessio Di Chirico,13,7,0,182.9,185,74,1,36,3.32,39,3.44,61,1.46,39,83,0.0
573,Micol Di Segni,7,3,0,160.0,115,60,1,38,7.47,40,5.87,33,0.00,0,37,0.0
574,Cyrille Diabate,19,10,1,198.1,205,81,2,52,4.06,71,1.78,60,1.17,83,53,0.2
575,Marc Diakiese,17,7,0,177.8,155,73,1,33,2.54,40,2.64,52,3.29,43,66,0.0
576,Tyler Diamond,9,1,0,170.2,145,69,1,35,3.40,47,2.53,44,3.00,75,70,0.0
577,Blood Diamond,3,3,0,180.3,170,76,3,38,3.12,55,2.17,48,0.00,0,73,0.0
578,Hacran Dias,23,6,1,172.7,155,69,1,42,2.08,41,3.31,55,2.50,39,76,0.5
579,Victor Dias,11,3,0,167.6,125,69,1,35,2.87,44,5.80,55,5.00,41,0,0.0
580,Luis Felipe Dias,18,6,0,177.8,185,74,3,31,3.36,44,3.02,56,3.36,57,66,0.8
581,Magno Dias,6,2,0,165.1,135,67,3,30,2.44,45,7.32,50,1.41,33,0,1.4
582,Nick Diaz,26,10,0,185.4,170,76,2,43,5.71,42,3.84,59,1.28,32,60,1.0
583,Nate Diaz,22,13,0,182.9,170,76,2,41,4.57,45,3.77,52,1.05,30,41,1.3
584,Ozzy Diaz,10,5,0,193.0,185,79,1,35,5.08,49,6.59,60,0.00,0,50,0.0
585,Juan Diaz,16,1,1,172.7,135,69,1,28,3.72,41,3.40,59,5.50,50,0,0.8
586,Seth Dikun,9,8,0,177.8,135,69,1,46,1.45,26,2.18,55,0.00,0,45,0.9
587,TJ Dillashaw,18,5,0,167.6,135,67,1,40,5.09,41,3.47,62,1.56,30,77,0.8
588,Ding Meng,35,11,0,188.0,170,73,1,32,3.40,46,3.80,49,0.33,33,63,0.0
589,Jhonata Diniz,9,2,0,193.0,254,79,1,35,3.89,56,3.62,56,0.00,0,70,0.0
590,Adama Diop,7,1,0,185.4,261,79,2,31,7.07,52,4.02,42,4.16,40,0,0.0
591,Matt Dixon,9,1,0,177.8,170,75,3,30,1.97,43,4.56,37,3.06,30,0,0.0
592,Russell Doane,15,8,0,170.2,135,70,1,40,1.75,40,1.68,53,2.11,45,52,0.8
593,Drew Dober,29,15,0,172.7,155,70,2,37,4.48,41,4.33,53,0.61,16,58,0.1
594,Shana Dobson,4,5,0,167.6,125,69,1,37,3.34,37,5.20,50,0.84,50,14,0.0
595,AJ Dobson,7,3,0,185.4,185,76,1,34,4.29,46,5.31,46,1.67,75,65,0.3
596,John Dodson,22,12,0,160.0,135,66,1,42,3.20,40,3.58,61,0.71,28,82,0.0
597,Joe Doerksen,51,16,0,182.9,185,75,1,48,1.43,42,2.79,50,2.02,33,33,2.3
598,Roman Dolidze,15,6,0,188.0,185,76,1,38,3.12,41,4.02,46,1.13,43,32,0.7
599,CB Dollaway,17,9,0,188.0,185,76,1,43,2.65,47,2.58,54,3.55,54,62,1.2
600,Daniil Donchenko,16,2,0,180.3,170,71,1,25,7.14,61,2.14,73,0.37,25,66,0.0
601,Dong Huaxiang,14,4,0,160.0,115,62,3,28,3.22,53,3.44,65,4.00,35,66,0.0
602,Cody Donovan,8,5,0,190.5,205,74,1,45,5.61,59,5.44,45,1.67,28,0,1.7
603,Stan Dorsainvil,6,0,0,175.3,155,76,1,26,8.20,41,9.13,45,2.00,28,66,0.0
604,Rafael Dos Anjos,32,17,0,172.7,155,70,2,41,3.48,47,3.23,60,1.95,35,54,0.6
605,Junior Dos Santos,21,9,0,193.0,238,77,1,42,4.49,47,3.33,56,0.30,50,81,0.1
606,Anderson Dos Santos,21,9,0,165.1,135,70,1,41,2.70,25,5.37,49,0.98,14,66,0.7
607,Acacio Dos Santos,14,5,0,193.0,205,79,1,35,1.27,41,1.40,43,0.00,0,31,0.0
608,Rayanne dos Santos,14,9,0,157.5,115,62,1,31,4.57,40,6.47,59,0.50,14,80,0.0
609,Felipe dos Santos,8,3,0,170.2,125,70,1,26,3.75,39,3.80,41,0.00,0,20,0.5
610,Tiago dos Santos e Silva,20,7,2,175.3,145,70,1,39,3.69,35,4.23,59,0.63,11,33,0.3
611,Lerryan Douglas,14,6,0,175.3,145,72,1,31,6.42,60,4.75,55,0.00,0,0,0.0
612,Danny Downes,8,3,0,182.9,155,72,1,40,1.66,34,3.53,37,0.00,0,37,0.5
613,Jimmy Drago,7,3,0,177.8,170,71,1,31,3.80,29,5.60,65,1.00,50,0,0.0
614,Anthony Drilich,8,2,0,165.1,125,65,2,32,5.80,31,5.07,40,0.00,0,55,0.0
615,Kyle Driscoll,12,3,0,180.3,145,74,1,32,2.73,32,2.60,58,2.00,18,0,0.0
616,Tomasz Drwal,21,5,1,185.4,205,76,1,44,3.29,38,2.26,57,3.55,60,82,0.4
617,Dricus Du Plessis,24,3,0,185.4,185,76,3,32,5.21,48,4.24,54,1.90,48,50,0.6
618,Yuneisy Duben,6,2,0,162.6,125,65,1,30,5.65,52,5.31,42,1.68,50,50,0.0
619,Matthieu Duclos,11,3,0,190.5,185,76,1,31,3.93,38,6.06,49,0.00,0,100,0.0
620,Emily Ducote,13,9,0,157.5,115,63,1,32,7.45,52,7.84,57,0.20,14,94,0.0
621,Viktoriia Dudakova,8,2,0,165.1,115,67,1,27,2.87,47,3.40,50,2.73,35,33,0.0
622,Todd Duffee,9,3,0,190.5,260,78,1,40,5.93,37,2.87,56,0.72,25,90,0.0
623,Joe Duffy,16,5,0,177.8,155,73,1,38,2.68,34,3.78,54,0.96,66,64,0.7
624,Jack Duffy,7,1,0,170.2,125,69,3,30,5.07,69,2.13,52,0.00,0,62,0.0
625,Jessamyn Duke,3,5,0,180.3,135,73,1,40,4.83,53,4.43,57,1.27,36,50,1.9
626,Islam Dulatov,12,1,0,190.5,170,75,1,28,8.78,54,4.24,50,2.20,100,100,0.0
627,Isaac Dulgarian,7,2,0,170.2,145,71,1,30,2.99,63,1.65,40,4.57,50,0,1.8
628,Sedriques Dumas,10,6,0,188.0,185,79,1,31,1.95,44,2.64,53,1.28,31,31,0.2
629,Norma Dumont,13,4,0,170.2,135,67,1,36,3.79,50,2.34,63,1.40,56,74,0.0
630,Chris Duncan,15,3,0,177.8,155,71,1,33,4.83,45,4.57,50,2.92,40,55,0.6
631,Christian Leroy Duncan,15,2,0,188.0,185,79,3,31,4.45,57,2.36,54,0.43,20,57,0.0
632,Evan Dunham,18,9,1,177.8,155,70,2,44,5.33,39,3.54,61,1.82,33,79,1.0
633,Tom Duquesnoy,16,2,0,170.2,135,68,1,33,3.83,45,5.30,62,0.42,25,46,0.0
634,Albert Duraev,16,5,0,180.3,185,75,1,37,2.99,40,3.01,59,1.97,29,66,0.6
635,Reuben Duran,11,7,1,170.2,135,71,1,43,3.19,49,2.61,50,0.98,23,25,0.7
636,Cody Durden,18,11,1,170.2,125,67,2,35,3.27,44,3.89,51,3.82,48,56,0.6
637,Merab Dvalishvili,21,5,0,167.6,135,68,1,35,4.42,41,2.80,54,5.97,35,76,0.3
638,David Dvorak,20,6,0,165.1,125,68,1,34,3.48,43,3.29,59,0.58,30,70,0.2
639,Matt Dwyer,9,4,0,193.0,170,76,1,36,2.57,34,3.24,54,0.44,10,60,0.0
640,Rolando Dy,9,7,1,172.7,145,69,1,36,3.04,37,4.47,52,0.30,20,68,0.0
641,Shanelle Dyer,8,1,0,167.6,115,65,1,25,9.10,52,5.82,51,0.91,15,100,0.0
642,Marvin Eastman,18,15,1,175.3,185,73,1,55,2.21,35,3.92,42,1.38,33,81,0.0
643,Mike Easton,13,6,0,167.6,135,70,2,42,3.51,37,4.28,61,0.75,22,66,0.0
644,Brian Ebersole,51,18,1,182.9,170,73,2,45,2.32,49,2.14,56,1.70,23,61,0.1
645,Roybert Echeverria,7,1,0,165.1,125,67,3,31,2.95,53,2.52,57,0.00,0,71,2.6
646,Christian Echols,8,5,0,175.3,185,66,1,28,3.98,41,9.64,28,2.30,20,0,0.0
647,Mark Eddiva,6,3,0,172.7,145,68,1,40,3.37,45,2.98,54,1.45,22,63,0.0
648,Frankie Edgar,23,11,1,167.6,135,68,1,44,3.77,40,2.82,65,2.29,31,65,0.3
649,Johnny Eduardo,28,13,0,170.2,135,71,1,48,2.95,39,3.22,63,0.22,20,58,0.4
650,Yves Edwards,42,22,1,175.3,155,73,2,50,2.91,42,2.34,66,0.76,53,69,0.7
651,Justin Edwards,9,5,0,177.8,155,70,1,43,2.68,42,3.32,51,2.14,26,27,1.0
652,Leon Edwards,22,6,0,188.0,170,74,2,35,2.60,54,2.44,52,1.25,37,63,0.4
653,Te Edwards,6,3,0,172.7,155,72,1,36,1.50,41,4.15,44,0.72,100,44,0.0
654,Joselyne Edwards,18,6,0,172.7,135,70,1,31,4.61,53,3.26,50,1.29,36,62,0.6
655,Christian Edwards,9,5,0,195.6,205,78,2,27,3.55,57,2.46,51,0.00,0,0,0.0
656,Stephanie Egger,8,5,0,167.6,135,68,1,38,2.20,46,2.48,52,2.48,42,50,0.6
657,Per Eklund,14,5,1,177.8,155,72,1,45,2.07,61,2.38,67,2.07,11,50,3.6
658,Evan Elder,10,2,0,177.8,155,72,3,29,5.66,50,4.94,57,0.48,15,40,0.5
659,Billy Elekana,10,2,0,190.5,205,77,2,31,2.71,56,3.59,46,0.85,22,0,0.8
660,Joao Elias,17,4,1,160.0,125,64,2,31,0.40,50,6.47,20,0.00,0,50,0.0
661,Darren Elkins,29,13,0,177.8,145,71,1,42,3.39,38,3.34,51,2.86,33,56,1.1
662,Jake Ellenberger,31,15,0,175.3,170,71,1,41,2.47,39,2.83,60,2.04,47,86,0.4
663,Joe Ellenberger,15,2,0,175.3,155,72,1,41,1.62,47,3.45,48,3.17,40,0,1.1
664,Tim Elliott,23,14,1,170.2,125,66,2,39,3.55,42,3.05,56,3.69,45,59,1.0
665,Oban Elliott,12,5,0,182.9,170,72,1,28,3.62,48,2.36,60,1.48,38,52,0.0
666,Ezra Elliott,8,0,0,175.3,145,72,1,26,0.40,54,0.47,65,12.00,66,100,3.0
667,Elisha Ellison,5,3,0,182.9,238,78,1,29,3.61,38,15.79,33,0.00,0,100,0.0
668,Cameron Else,10,6,0,175.3,135,71,3,39,1.99,40,8.09,51,0.00,0,0,0.0
669,Ramazan Emeev,20,6,0,177.8,170,76,2,39,2.53,45,2.14,65,2.37,29,66,0.7
670,Fedor Emelianenko,36,5,0,182.9,230,74,1,50,3.18,51,1.00,63,2.00,63,82,1.9
671,Rob Emerson,18,12,0,175.3,155,70,1,45,2.50,30,2.83,64,2.02,52,65,0.4
672,Jamall Emmers,23,8,0,177.8,145,74,1,37,5.09,49,3.91,57,2.49,53,81,0.3
673,Josh Emmett,19,7,0,167.6,145,70,1,41,3.67,35,4.52,59,1.07,36,43,0.1
674,Kolton Englund,9,4,0,177.8,155,69,1,33,2.31,25,11.54,40,0.00,0,0,0.0
675,Oliver Enkamp,7,2,0,182.9,170,77,3,35,2.38,36,3.55,37,0.87,16,0,0.0
676,Andy Enz,10,4,0,190.5,185,78,1,35,3.51,23,5.32,57,0.00,0,58,0.0
677,Yuji Ephoevi-Ga,11,1,0,182.9,155,75,3,26,2.67,71,2.60,44,0.00,0,60,0.0
678,Abdellah Er-Ramy,7,2,0,182.9,185,74,1,30,0.00,0,8.40,0,0.00,0,0,0.0
679,Steve Erceg,14,5,0,172.7,125,68,1,31,4.56,46,4.14,55,1.09,27,67,0.4
680,Julian Erosa,31,14,0,185.4,145,74,2,37,6.18,48,6.31,48,1.73,43,61,0.7
681,Jarno Errens,14,6,1,180.3,145,73,1,31,3.29,44,3.29,61,0.00,0,33,0.3
682,Ivan Erslan,15,6,0,188.0,205,72,1,34,2.53,49,4.57,54,0.93,37,70,0.0
683,Fabrizio Escarrega,9,2,0,175.3,155,74,1,28,5.47,49,3.20,58,3.00,100,100,0.0
684,Cole Escovedo,17,9,0,170.2,135,72,1,45,1.77,43,4.32,49,0.43,33,13,0.0
685,Efrain Escudero,28,12,0,175.3,155,71,1,40,2.92,44,2.30,63,1.31,40,66,0.8
686,Ian Escuza,8,0,0,172.7,145,72,1,30,16.88,75,0.00,100,28.13,100,0,0.0
687,Carla Esparza,20,8,0,154.9,115,63,1,38,2.19,39,2.87,54,3.28,36,47,0.3
688,Juan Espino,11,2,0,190.5,255,80,1,45,2.38,70,1.95,40,8.93,78,50,2.4
689,Jordan Espinosa,15,9,0,167.6,125,69,1,36,4.22,52,2.94,57,0.75,28,70,0.2
690,Jodie Esquibel,6,6,0,154.9,115,64,1,40,4.10,31,7.37,52,0.75,21,83,0.0
691,Rafael Estevam,14,1,0,172.7,135,69,1,30,2.40,39,3.90,45,4.91,33,66,0.2
692,Achilles Estremadura,7,1,0,177.8,155,68,1,34,3.20,43,3.27,70,0.00,0,0,0.0
693,Shaun Etchell,7,3,0,170.2,125,68,3,33,0.00,0,0.00,0,4.37,100,100,0.0
694,Terry Etim,16,5,0,185.4,155,73,1,40,2.16,35,2.53,67,0.43,30,39,1.4
695,Sijara Eubanks,8,7,0,162.6,125,67,1,41,4.30,43,3.43,57,1.90,44,66,0.3
696,Billy Evangelista,13,3,0,172.7,155,68,1,45,4.51,40,3.96,61,1.60,19,61,0.2
697,Rashad Evans,19,8,1,182.9,205,75,1,47,2.14,37,2.42,63,2.98,44,73,0.0
698,Ashlee Evans-Smith,6,6,0,172.7,135,67,1,39,4.03,34,4.59,53,0.95,22,50,0.0
699,Tonya Evinger,19,8,0,170.2,135,70,1,45,1.16,42,4.02,38,0.93,30,33,0.9
700,Movsar Evloev,20,0,0,170.2,145,72,1,32,3.91,47,2.80,61,4.78,52,61,0.2
701,Andre Ewell,17,9,0,172.7,145,75,2,38,4.28,40,4.87,51,0.36,75,72,0.1
702,Chris Ewert,7,1,0,182.9,185,75,1,33,3.40,37,4.33,50,0.00,0,42,0.0
703,Ethyn Ewing,10,2,0,167.6,135,69,1,30,7.44,55,4.53,63,1.68,60,100,0.0
704,Manuel Exposito,13,3,0,170.2,145,68,1,26,2.53,27,9.73,34,2.00,40,100,0.0
705,Jessica Eye,15,11,0,167.6,125,66,1,40,3.86,37,4.19,55,0.58,40,57,0.5
706,Urijah Faber,35,11,0,167.6,135,67,1,47,2.65,40,2.59,64,1.54,30,58,0.8
707,Melinda Fabian,4,4,2,167.6,125,66,1,39,4.03,41,4.00,62,0.00,0,100,0.0
708,Wagnney Fabiano,16,4,0,167.6,145,69,2,51,1.19,38,0.66,70,3.44,64,100,0.4
709,Bartosz Fabinski,15,5,0,182.9,170,75,1,40,2.23,68,1.46,51,7.10,70,80,0.0
710,Zarah Fairn,6,6,0,172.7,135,72,1,42,4.55,31,7.40,45,0.00,0,60,0.0
711,Rinat Fakhretdinov,24,1,1,182.9,170,74,1,35,5.03,52,3.61,54,3.91,34,91,0.2
712,Pedro Falcao,16,5,0,167.6,135,66,1,34,3.21,48,3.39,50,2.73,25,66,0.0
713,Jair Farias,10,1,0,185.4,145,76,1,33,3.80,39,5.33,51,0.00,0,41,0.0
714,Rico Farrington,7,3,0,193.0,170,79,2,37,6.33,41,7.20,51,0.00,0,20,0.0
715,Namo Fazil,10,2,0,180.3,170,71,1,29,9.61,46,10.59,38,0.00,0,66,0.0
716,Paul Felder,17,6,0,180.3,155,70,1,42,3.70,44,3.44,48,0.29,28,64,0.2
717,Carlos Felipe,11,2,0,182.9,245,75,1,31,4.88,45,5.60,50,0.00,0,72,0.0
718,Feng Xiaocan,11,5,0,167.6,115,67,2,24,4.30,49,1.67,66,0.67,100,63,0.0
719,Kevin Ferguson,5,2,0,188.0,235,77,1,52,2.30,50,3.41,38,3.10,72,36,1.2
720,Tony Ferguson,26,11,0,180.3,170,76,1,42,4.91,45,4.37,55,0.39,35,66,0.9
721,Gabriella Fernandes,11,4,0,167.6,125,66,2,33,3.51,46,5.31,53,0.42,18,68,0.2
722,Kaue Fernandes,11,3,0,175.3,155,73,1,31,4.26,55,1.63,60,1.16,100,76,0.0
723,Luke Fernandez,6,1,0,185.4,205,76,1,31,8.14,58,10.17,36,0.00,0,0,0.0
724,Lucas Fernando,14,3,0,190.5,205,80,1,29,3.71,57,3.21,51,1.72,30,0,0.6
725,Cezar Ferreira,13,8,0,185.4,185,78,2,41,1.90,42,2.44,53,2.69,53,84,0.5
726,Diego Ferreira,20,7,0,175.3,155,74,1,41,4.95,40,3.58,57,1.08,33,58,0.5
727,Erisson Ferreira,12,2,0,167.6,125,70,1,35,1.75,32,2.75,56,1.11,100,66,1.7
728,Brunno Ferreira,15,5,0,177.8,185,72,1,33,3.08,45,3.80,50,0.83,22,51,0.5
729,Timo Feucht,8,1,0,190.5,205,79,1,30,0.00,0,0.00,0,0.00,0,0,0.0
730,Andre Fialho,16,8,0,182.9,170,74,1,32,3.30,41,6.26,45,0.25,100,66,0.0
731,Drew Fickett,42,21,0,177.8,155,70,1,46,2.33,41,2.29,57,1.30,35,30,2.2
732,Michal Figlak,8,2,0,177.8,155,70,1,30,4.00,39,4.93,52,0.50,12,57,0.0
733,Deiveson Figueiredo,25,7,1,165.1,135,68,1,38,2.57,53,3.43,49,1.61,34,57,1.2
734,Francisco Figueiredo,13,5,1,167.6,125,68,2,36,2.04,61,2.59,61,2.51,75,76,0.4
735,Edwin Figueroa,9,5,0,170.2,135,69,1,42,2.57,39,3.06,51,0.20,100,37,0.6
736,Jafel Filho,17,5,0,170.2,125,68,1,33,1.78,40,1.76,50,2.40,47,50,1.8
737,Andre Fili,25,14,0,180.3,145,74,1,36,3.89,37,4.55,49,2.24,46,71,0.2
738,Mirko Filipovic,35,11,2,188.0,230,73,2,52,2.11,50,1.89,63,0.19,40,78,0.3
739,Torrez Finney,11,1,0,172.7,185,75,1,27,1.78,54,3.34,40,6.86,59,75,0.8
740,Luigi Fioravanti,26,15,0,172.7,170,70,1,45,2.23,42,2.21,69,3.76,63,67,0.9
741,Nick Fiore,6,2,0,177.8,155,72,1,28,2.83,46,7.93,42,2.50,45,71,0.0
742,Manon Fiorot,13,3,0,170.2,125,65,1,36,5.57,40,3.76,65,0.94,29,87,0.0
743,Spencer Fisher,24,9,0,170.2,155,68,2,50,3.17,43,3.03,64,0.67,30,60,0.8
744,Chris Fishgold,18,4,1,172.7,145,68,1,34,2.01,32,2.70,46,2.59,46,44,1.3
745,Jon Fitch,30,7,1,182.9,170,74,1,48,2.61,50,1.65,54,3.60,51,56,0.8
746,Rafael Fiziev,14,5,0,172.7,155,71,3,33,4.71,52,4.81,50,1.00,71,90,0.0
747,AJ Fletcher,10,3,0,177.8,170,67,3,29,3.36,49,4.61,46,1.54,35,33,0.9
748,Nathan Fletcher,9,3,0,170.2,135,70,1,28,3.41,59,2.16,57,3.37,38,50,0.7
749,Jimmy Flick,17,9,0,170.2,125,68,1,36,1.67,50,4.70,43,2.36,33,0,3.5
750,Luke Flores,9,2,0,182.9,155,73,2,38,1.56,44,1.88,60,0.00,0,40,1.2
751,Ty Flores,7,3,0,190.5,205,73,3,32,2.00,37,7.80,25,1.00,9,0,0.0
752,Alejandro Flores,17,3,0,177.8,145,73,1,35,3.66,40,2.02,54,0.00,0,0,0.0
753,Kenny Florian,14,6,0,177.8,145,74,2,50,2.41,40,1.85,63,2.22,33,60,1.3
754,Darrius Flowers,13,9,1,175.3,155,71,1,32,3.16,48,5.28,43,1.92,45,66,0.4
755,Caros Fodor,11,6,0,175.3,155,74,1,42,2.76,54,2.83,54,2.10,25,50,0.0
756,Rob Font,22,10,0,172.7,135,71,1,39,5.11,45,3.53,57,0.70,29,37,0.3
757,Jesse Forbes,15,5,0,188.0,185,75,2,41,2.11,24,4.06,53,1.79,75,66,1.2
758,Raheam Forest,7,2,0,180.3,170,73,3,29,5.32,38,12.15,42,0.00,0,0,0.0
759,Jussier Formiga,23,8,0,165.1,125,67,1,41,1.42,39,2.34,64,1.82,35,87,0.6
760,Carol Foro,10,1,0,157.5,115,61,1,29,7.43,57,5.70,55,0.00,0,77,0.0
761,Renee Forte,8,4,0,170.2,155,71,1,39,2.08,32,2.12,63,2.32,58,66,0.0
762,Brianna Fortino,9,3,0,152.4,115,62,2,33,3.53,41,3.23,57,2.50,45,66,0.0
763,Marcel Fortuna,9,3,0,185.4,205,74,1,40,3.83,46,4.52,64,0.45,8,75,0.5
764,Tyrell Fortune,18,4,0,190.5,259,75,1,36,1.91,49,4.31,50,1.72,42,100,0.0
765,Brian Foster,27,10,0,175.3,170,71,1,42,3.30,39,1.63,65,3.67,60,37,1.8
766,Hermes Franca,24,17,0,167.6,155,71,1,52,1.78,39,2.85,55,1.53,36,37,2.4
767,Glaico Franca Moreira,15,5,0,182.9,155,77,1,35,2.35,42,3.46,47,2.68,42,76,0.3
768,John Franchi,6,2,0,167.6,145,67,1,44,1.83,48,2.59,48,2.68,80,40,0.3
769,Felipe Franco,11,2,0,185.4,205,76,1,25,2.55,57,2.39,43,3.70,40,87,0.0
770,Rich Franklin,29,7,0,185.4,185,76,2,51,4.10,44,2.07,62,1.31,66,63,0.7
771,Xavier Franklin,5,1,0,167.6,135,66,2,29,3.07,33,5.27,50,0.00,0,100,0.0
772,Stephanie Frausto,8,7,0,157.5,115,61,1,36,1.43,21,3.57,60,0.00,0,0,0.0
773,Justin Frazier,10,3,0,182.9,265,75,2,37,1.11,66,6.11,4,0.00,0,0,0.0
774,Denzel Freeman,7,2,0,185.4,265,77,2,34,2.45,56,3.40,50,0.00,0,50,0.0
775,Patricky Freire,17,8,0,170.2,155,71,3,40,3.06,44,3.34,69,1.26,33,100,0.0
776,Josh Fremd,11,6,0,193.0,185,76,1,32,2.52,44,2.23,47,0.66,25,30,1.1
777,Matt Frevola,11,6,1,175.3,155,71,1,36,3.30,39,3.76,56,2.34,41,40,0.8
778,Jinh Yu Frey,11,10,0,160.0,115,65,2,41,2.97,43,4.23,52,1.02,36,90,0.3
779,Sarah Frota,9,2,0,167.6,125,69,2,39,4.52,52,2.57,55,0.00,0,53,0.0
780,Daniel Frunza,9,4,0,185.4,170,73,1,32,3.25,38,4.32,50,0.00,0,50,0.0
781,Allen Frye Jr.,6,1,0,195.6,255,80,1,28,2.20,38,4.27,36,0.00,0,0,0.0
782,Adam Fugitt,10,6,0,185.4,170,77,2,37,4.88,46,5.33,51,1.63,22,50,0.0
783,Riki Fukuda,24,9,0,182.9,185,73,2,45,4.24,43,3.71,64,2.17,43,70,0.0
784,Machi Fukuda,11,3,0,152.4,115,61,2,23,1.42,33,2.06,52,8.23,60,33,0.0
785,Masio Fullen,11,7,0,177.8,145,70,1,39,2.46,32,3.50,54,0.47,33,69,0.0
786,Ricardo Funch,9,6,0,177.8,170,74,2,46,2.61,65,3.57,40,1.24,18,60,0.0
787,Claudia Gadelha,18,5,0,162.6,115,63,1,37,3.31,41,4.57,57,3.03,42,58,0.7
788,Magomed Gadzhiyasulov,9,1,0,188.0,205,75,1,32,2.89,49,1.64,62,3.67,73,61,0.0
789,Justin Gaethje,28,5,0,180.3,155,70,1,37,6.29,57,6.83,50,0.30,26,73,0.0
790,Muin Gafurov,20,7,0,170.2,135,68,1,30,3.36,47,2.51,55,1.57,28,70,0.0
791,Mitch Gagnon,12,5,0,165.1,135,65,2,41,2.76,46,2.21,61,1.16,25,65,1.9
792,Nicholas Galanti,8,1,0,185.4,185,75,2,28,13.71,80,1.71,0,0.00,0,0,0.0
793,Mickey Gall,7,7,0,188.0,170,74,3,34,3.50,49,4.72,49,1.15,32,37,1.6
794,Manvel Gamburyan,15,10,0,165.1,135,67,1,45,2.13,41,2.83,55,3.26,34,69,0.7
795,Mateusz Gamrot,26,5,0,177.8,155,70,2,35,3.14,51,2.79,60,5.08,38,76,0.4
796,Shamil Gamzatov,14,1,0,188.0,205,76,1,36,5.35,48,3.46,51,0.00,0,50,0.0
797,Ryan Gandra,11,1,0,185.4,185,74,1,31,10.51,49,2.04,69,0.00,0,100,0.0
798,Ciryl Gane,14,2,0,193.0,247,81,1,36,5.40,61,2.31,60,0.66,23,47,0.6
799,Tommy Gantt,13,0,0,180.3,155,76,1,33,3.72,70,1.03,47,6.41,33,100,1.3
800,Eduardo Garagorri,13,2,0,175.3,145,70,1,37,3.42,51,2.36,58,0.48,100,61,0.0
801,Cody Garbrandt,15,8,0,172.7,135,65,1,35,2.82,40,3.69,58,0.84,22,81,0.0
802,Leonard Garcia,18,13,1,177.8,145,68,1,47,2.77,24,4.79,52,0.30,26,42,0.5
803,Edgar Garcia,14,5,0,177.8,170,71,1,42,3.16,29,4.23,60,2.21,57,50,0.6
804,Alex Garcia,15,6,0,175.3,170,72,1,39,1.81,31,3.03,59,3.72,52,66,0.1
805,Steve Garcia,19,6,0,182.9,145,75,2,34,5.46,48,2.22,59,0.77,40,89,0.4
806,Elias Garcia,6,2,0,165.1,125,67,2,34,1.59,27,5.05,50,0.68,14,33,1.4
807,Rafa Garcia,19,5,0,170.2,155,70,1,32,4.33,43,4.68,60,3.02,41,77,0.4
808,Fernie Garcia,10,5,0,170.2,135,67,1,34,2.04,34,3.79,48,0.28,50,50,0.6
809,Pablo Garza,12,4,0,185.4,145,73,1,43,3.37,44,2.70,50,0.94,25,15,1.3
810,John Garza,6,2,0,170.2,135,68,1,23,5.47,43,5.73,35,0.00,0,77,0.0
811,Kelvin Gastelum,21,11,0,175.3,185,71,2,34,3.65,42,3.52,57,1.04,35,60,0.1
812,Willie Gates,12,7,0,172.7,125,72,1,39,1.80,38,4.28,38,0.00,0,67,0.4
813,Melissa Gatto,9,3,2,165.1,125,69,1,30,3.47,49,2.67,54,1.77,27,58,0.4
814,Sean Gauci,10,1,0,165.1,125,64,3,29,5.07,59,5.80,68,4.00,44,100,0.0
815,Louis Gaudinot,8,4,0,160.0,125,63,1,42,2.34,37,6.42,48,0.57,40,31,1.1
816,Ateba Gautier,11,1,0,193.0,185,81,3,24,4.32,43,2.60,54,0.41,100,93,0.0
817,Shamil Gaziev,15,3,0,193.0,265,78,1,36,2.90,45,4.86,45,1.03,33,83,0.3
818,Chad George,16,8,0,167.6,135,68,2,44,1.26,50,1.11,65,3.08,46,0,1.3
819,Karine Gevorgyan,3,3,0,162.6,125,63,3,37,1.20,20,1.80,76,0.00,0,0,0.0
820,Yanis Ghemmouri,12,3,0,175.3,135,69,1,31,2.29,38,5.14,35,0.00,0,0,0.0
821,Christos Giagos,20,12,0,177.8,155,71,1,36,3.03,41,3.21,50,2.84,36,52,0.4
822,Joe Giannetti,6,1,0,182.9,155,74,2,31,1.93,38,2.80,40,1.00,16,0,0.0
823,Cody Gibson,22,13,0,177.8,135,71,1,39,3.59,46,3.42,54,2.01,37,68,0.9
824,Chase Gibson,9,5,0,177.8,155,72,1,36,3.13,54,6.40,52,0.00,0,0,0.0
825,Lance Gibson Jr.,10,2,0,175.3,155,72,3,31,2.40,45,4.24,56,1.67,66,75,0.0
826,Thomas Gifford,14,9,0,185.4,155,75,1,34,3.97,37,6.45,37,0.50,33,33,0.0
827,Trevin Giles,16,7,0,182.9,170,74,1,34,3.17,54,2.39,58,1.07,50,72,0.3
828,Gregor Gillespie,14,1,0,170.2,155,71,1,39,3.74,52,2.30,57,6.86,48,100,0.8
829,Micheal Gillmore,6,5,0,180.3,170,72,1,39,2.04,57,3.02,43,0.00,0,50,0.0
830,Max Gimenis,6,2,0,188.0,256,75,1,33,3.21,42,9.64,47,0.00,0,0,0.0
831,Eperaim Ginting,6,1,0,162.6,135,64,1,30,0.00,0,0.00,100,15.52,100,0,0.0
832,Ricky Glenn,22,9,2,182.9,170,70,2,37,3.79,42,4.30,51,0.72,13,69,0.4
833,Mark Godbeer,13,4,0,193.0,240,77,1,42,3.97,53,3.30,54,0.00,0,28,0.0
834,Loopy Godinez,14,6,0,157.5,115,61,1,33,4.43,49,3.94,62,2.99,42,76,0.8
835,Billy Ray Goff,9,5,0,177.8,170,72,3,28,6.06,46,7.29,51,1.25,11,66,0.0
836,Amiran Gogoladze,14,3,0,185.4,170,74,3,28,1.64,66,0.82,0,0.00,0,0,0.0
837,Hannah Goldy,6,4,0,162.6,115,61,1,34,5.19,47,4.67,50,0.66,12,54,0.2
838,Marcelo Golm,6,3,0,190.5,249,75,1,34,4.27,58,4.30,45,0.45,50,87,0.5
839,Denise Gomes,13,3,0,157.5,115,63,1,26,4.40,48,3.19,52,1.38,34,66,0.7
840,Apollo Gomes,13,2,0,172.7,135,70,3,26,5.07,47,3.20,58,3.00,23,100,0.0
841,Frank Gomez,10,6,0,177.8,135,67,1,40,1.52,48,0.79,66,1.14,60,70,0.8
842,Joey Gomez,6,2,0,177.8,135,73,1,40,2.44,28,4.46,55,0.62,100,50,0.0
843,Luis Gomez,4,1,0,170.2,145,68,1,31,1.57,33,4.03,55,4.48,50,33,0.0
844,Joey Gomez,7,1,0,177.8,155,71,1,37,3.73,49,3.33,50,2.00,28,0,0.0
845,Edson Gomez,6,2,0,172.7,170,69,3,35,2.66,32,8.78,45,0.00,0,0,0.0
846,Silvana Gomez Juarez,11,5,0,160.0,115,65,1,41,4.26,32,4.04,61,0.00,0,30,0.0
847,Takanori Gomi,35,14,0,170.2,155,70,2,48,3.81,41,3.52,60,1.23,65,63,0.8
848,William Gomis,15,4,0,182.9,145,73,2,29,3.20,48,2.60,61,0.73,38,77,0.3
849,Akihiro Gono,35,21,8,170.2,170,68,3,51,2.18,48,2.67,63,1.01,84,46,0.5
850,Gabriel Gonzaga,17,11,0,188.0,242,76,1,47,2.12,45,2.94,57,2.80,39,66,1.1
851,Justin Gonzales,6,0,0,175.3,145,72,1,35,6.67,80,0.87,43,14.00,73,100,0.0
852,Fernando Gonzalez,26,14,0,175.3,170,68,2,43,4.47,47,4.03,65,0.86,33,43,1.4
853,Jason Gonzalez,11,5,0,188.0,155,74,2,36,3.06,39,3.13,58,0.00,0,30,1.0
854,Jorge Gonzalez,16,4,0,188.0,205,76,1,42,0.00,0,0.00,0,0.00,0,0,0.0
855,Mikey Gonzalez,7,2,0,180.3,155,74,1,41,0.91,16,14.55,11,0.00,0,0,0.0
856,Erick Gonzalez,14,8,0,180.3,155,75,1,34,2.40,36,8.08,40,6.00,55,50,0.0
857,Lyman Good,21,6,0,182.9,170,74,1,41,5.34,48,4.01,63,0.27,100,75,0.0
858,Jared Gooden,23,10,0,182.9,170,77,1,32,4.40,48,6.74,45,0.91,45,65,0.4
859,Eddie Gordon,8,4,0,182.9,185,76,1,43,2.03,32,2.57,60,1.93,83,63,0.0
860,Jared Gordon,21,9,0,175.3,155,68,1,38,5.57,53,4.11,55,1.91,34,60,0.0
861,Malcolm Gordon,14,8,0,170.2,125,71,3,36,2.50,45,2.00,43,1.72,35,26,1.0
862,Tresean Gore,8,4,0,182.9,185,75,3,32,3.59,49,6.24,43,1.54,61,84,1.0
863,Alex Gorgees,6,1,0,188.0,155,74,3,31,0.67,32,2.27,38,0.00,0,54,0.0
864,Themba Gorimbo,14,7,0,185.4,170,77,1,35,2.70,56,1.75,51,4.52,62,73,0.4
865,Jonathan Goulet,23,12,0,182.9,170,73,1,47,1.61,41,2.01,46,4.17,70,45,0.6
866,Thibault Gouti,12,5,0,177.8,155,72,1,39,3.68,34,5.64,50,1.23,80,83,0.3
867,Wilson Gouveia,14,8,0,185.4,185,76,1,47,3.02,39,4.06,56,0.90,66,57,2.2
868,Damian Grabowski,20,5,0,185.4,241,75,1,46,4.00,36,7.65,51,0.00,0,0,0.0
869,Roger Gracie,8,2,0,193.0,185,79,1,45,1.78,35,1.79,61,1.87,53,60,1.9
870,Kron Gracie,5,3,0,175.3,145,70,2,38,2.95,42,5.73,51,0.35,25,0,0.7
871,Bogdan Grad,16,4,0,172.7,145,70,1,31,4.16,53,5.02,49,4.57,38,75,0.5
872,Miranda Granger,7,3,0,170.2,115,68,1,34,2.79,47,2.57,57,0.00,0,33,0.0
873,TJ Grant,21,5,0,177.8,155,72,1,42,3.95,54,3.21,56,1.63,43,36,0.6
874,Davey Grant,18,8,0,172.7,135,69,1,40,5.58,45,4.04,54,0.95,38,65,0.2
875,Dwight Grant,11,6,0,185.4,185,76,3,42,3.29,36,2.66,60,0.61,100,66,0.0
876,Alexa Grasso,18,5,1,165.1,125,66,1,33,4.19,41,3.78,59,0.38,35,54,0.6
877,Tony Gravely,23,9,0,165.1,135,69,1,35,3.82,48,4.47,44,5.40,41,52,0.3
878,Michael Graves,6,0,1,177.8,170,71,1,35,1.25,54,1.47,58,4.80,52,66,0.4
879,Shelton Graves,7,3,0,188.0,255,76,2,40,2.19,69,0.81,33,4.86,57,0,0.0
880,Kevin Gray,9,4,0,162.6,125,67,1,41,3.45,62,4.48,66,0.00,0,0,0.0
881,King Green,36,17,1,177.8,155,71,1,40,6.49,53,3.63,62,1.32,43,71,0.3
882,Desmond Green,23,8,0,177.8,155,73,2,36,3.70,46,2.51,69,1.62,50,75,0.0
883,Gabe Green,12,5,0,177.8,155,73,3,33,5.60,45,6.19,47,0.71,50,50,0.5
884,Maurice Greene,9,7,0,200.7,258,80,1,40,3.28,45,3.61,45,0.00,0,27,0.4
885,Matt Grice,15,5,0,172.7,145,70,1,45,4.09,53,2.69,56,2.19,37,82,0.5
886,Forrest Griffin,19,7,0,190.5,205,77,1,47,4.38,36,2.81,61,1.05,48,57,0.7
887,Tyson Griffin,16,8,0,167.6,145,68,1,42,3.71,41,2.30,65,1.87,46,59,0.9
888,Max Griffin,20,13,0,180.3,170,76,1,40,3.70,47,3.69,58,1.44,41,69,0.2
889,Jordan Griffin,18,9,0,177.8,145,73,2,36,2.52,46,3.02,50,1.45,35,42,1.9
890,Chad Griggs,11,3,0,185.4,205,73,1,48,2.67,50,2.22,46,1.51,66,41,0.0
891,Charalampos Grigoriou,8,5,0,170.2,135,67,1,34,2.62,48,3.97,46,2.62,80,90,0.0
892,Maxim Grishin,32,10,2,190.5,205,78,1,42,3.26,52,2.27,58,0.21,16,66,0.0
893,Josh Grispi,14,5,0,180.3,145,74,1,37,1.44,41,3.71,50,1.97,36,16,2.2
894,Kendall Grove,23,17,0,198.1,185,79,1,43,2.31,41,2.40,54,0.49,45,56,1.7
895,Chris Gruetzemacher,15,5,0,172.7,155,68,1,40,6.18,57,4.96,52,0.21,50,65,0.0
896,Vik Grujic,6,6,0,180.3,170,73,1,49,2.24,48,3.39,41,1.18,33,26,0.4
897,Mike Grundy,12,4,0,170.2,145,72,1,39,2.09,45,4.45,56,4.06,28,50,0.4
898,Wang Guan,20,1,1,175.3,145,71,1,40,4.73,43,3.27,60,0.00,0,0,0.0
899,Anthony Guarascio,3,1,0,188.0,233,72,1,32,7.50,28,41.25,35,0.00,0,0,0.0
900,Piero Guaylupo,12,0,0,172.7,155,68,3,21,13.93,66,17.67,29,0.00,0,100,0.0
901,Rainn Guerrero,5,2,0,167.6,125,65,1,34,0.65,33,0.87,50,3.27,100,0,0.0
902,Shannon Gugerty,15,7,0,177.8,155,71,1,44,1.25,39,1.88,58,2.13,27,50,3.4
903,Noah Gugnon,10,2,0,180.3,155,71,1,25,3.70,45,4.44,68,0.00,0,0,11.1
904,Clay Guida,38,22,0,170.2,155,70,1,44,2.63,33,3.00,61,3.10,35,66,0.6
905,Melvin Guillard,32,18,2,175.3,155,71,1,43,2.96,40,1.85,66,1.30,63,61,0.2
906,Hugo Guillon,7,2,0,193.0,185,78,1,29,6.32,60,11.14,42,0.00,0,66,0.0
907,Marcelo Guimaraes,9,2,1,182.9,185,73,1,43,4.67,51,4.41,62,1.99,13,0,0.0
908,John Gunderson,35,16,2,175.3,155,69,1,47,1.04,27,1.71,58,1.67,33,11,2.0
909,John Gunther,5,1,0,175.3,155,72,1,40,1.65,37,3.72,46,7.08,42,0,0.0
910,Jorge Gurgel,14,10,0,170.2,155,69,1,49,3.37,32,3.62,62,0.81,23,60,0.5
911,Luis Gurule,11,4,0,165.1,125,64,1,32,5.44,43,5.35,57,0.64,15,60,0.2
912,Bogdan Guskov,18,4,1,190.5,205,76,1,34,3.60,56,3.50,46,0.00,0,54,0.7
913,Gugun Gusman,8,4,0,170.2,135,68,1,36,0.88,27,6.18,41,0.00,0,33,0.0
914,Alexander Gustafsson,18,8,0,195.6,205,79,1,39,4.03,40,3.53,51,1.53,39,83,0.4
915,Andreas Gustafsson,12,3,0,185.4,170,73,1,35,5.82,71,3.63,45,6.19,58,100,0.0
916,Chris Gutierrez,22,7,2,175.3,135,67,1,35,4.40,57,2.65,63,0.30,30,67,0.1
917,Mando Gutierrez,7,2,0,167.6,135,70,2,29,0.80,75,1.33,50,1.00,100,40,1.0
918,Mike Guymon,15,6,1,182.9,170,74,1,52,2.75,65,0.79,66,1.87,37,54,1.2
919,Chelsea Hackett,3,1,1,162.6,125,66,3,28,2.58,51,4.85,46,0.00,0,57,0.0
920,Cody Haddon,9,1,0,170.2,135,69,1,28,8.84,56,2.72,62,2.96,35,83,0.6
921,Jake Hadley,11,4,0,170.2,135,70,2,30,3.80,43,4.16,61,0.33,11,54,1.1
922,Damir Hadzovic,14,8,0,175.3,155,70,1,40,3.34,47,3.74,59,0.91,54,34,0.1
923,Bassil Hafez,9,4,1,180.3,170,72,1,34,3.71,38,5.68,41,2.21,24,50,0.0
924,Tim Hague,21,13,0,193.0,260,76,1,43,2.79,47,4.14,46,1.72,33,85,0.9
925,Theo Haig,7,2,0,188.0,185,77,1,30,0.96,35,2.82,32,1.92,16,33,1.0
926,Uriah Hall,18,11,0,182.9,185,79,1,42,3.23,48,3.85,54,0.54,38,64,0.1
927,Ryan Hall,9,2,0,177.8,145,70,2,41,2.38,50,1.33,65,0.22,9,0,2.2
928,Dennis Hallman,53,20,2,175.3,155,72,1,50,1.12,44,1.96,43,1.79,30,25,2.1
929,Piotr Hallmann,18,6,0,175.3,155,71,1,39,3.98,45,3.17,58,2.55,44,70,0.4
930,Seo Hee Ham,17,8,0,157.5,115,62,2,39,4.20,39,5.15,61,0.00,0,66,0.2
931,Rami Hamed,13,3,0,185.4,170,71,1,35,3.87,51,3.40,50,0.00,0,50,0.0
932,Matt Hamill,12,8,0,185.4,205,76,1,49,3.69,42,3.80,61,3.00,34,91,0.0
933,Anthony Hamilton,15,9,0,195.6,260,76,1,46,3.91,65,3.02,45,2.62,42,78,0.0
934,CJ Hamilton,11,4,0,170.2,125,68,3,39,2.47,31,3.93,58,0.00,0,62,0.0
935,Jared Hamman,14,6,0,190.5,185,75,1,44,5.15,42,3.93,55,1.57,46,30,0.0
936,Chad Hanekom,9,3,0,193.0,185,74,1,36,0.73,47,1.47,33,0.00,0,71,1.0
937,Kay Hansen,7,6,0,157.5,115,63,1,27,3.01,50,3.19,51,1.83,22,37,0.8
938,Nasrat Haqparast,18,7,0,177.8,155,72,2,31,6.24,45,6.18,62,0.31,18,84,0.0
939,Shin Haraguchi,8,2,0,165.1,145,68,3,27,2.02,63,1.84,43,12.32,51,0,0.0
940,Antoni Hardonk,8,6,0,193.0,245,78,1,50,3.40,61,3.07,46,0.00,0,40,0.9
941,George Hardwick,12,2,0,177.8,155,72,1,29,3.60,38,4.60,71,0.00,0,83,0.0
942,Harry Hardwick,13,5,1,172.7,145,71,3,32,5.47,42,8.54,44,0.00,0,0,0.0
943,Dan Hardy,25,10,0,182.9,170,74,1,44,2.46,35,3.44,51,0.73,35,35,0.4
944,Veronica Hardy,10,5,1,162.6,125,64,2,30,3.06,45,3.24,50,0.82,41,51,0.3
945,Greg Hardy,7,5,0,195.6,265,80,1,38,4.79,50,3.31,55,0.20,33,64,0.0
946,Josiah Harrell,11,2,0,170.2,155,68,2,27,2.21,45,8.00,30,4.14,40,0,0.0
947,Gerald Harris,23,5,0,180.3,185,77,2,46,1.41,29,1.58,62,2.96,54,72,0.0
948,Phil Harris,22,12,0,162.6,125,65,1,43,2.34,26,3.16,68,1.76,21,60,0.0
949,Walt Harris,13,10,0,195.6,250,77,2,43,3.05,39,3.33,54,0.29,28,70,0.1
950,Carlston Harris,19,8,0,182.9,170,76,1,39,3.34,42,3.50,51,1.13,20,55,0.5
951,RJ Harris,6,0,0,190.5,258,78,1,28,9.00,57,6.60,56,0.00,0,0,0.0
952,Kayla Harrison,19,1,0,172.7,135,66,2,36,4.29,62,1.10,66,2.84,37,100,0.9
953,Joey Hart,6,2,0,190.5,170,79,1,29,4.53,34,4.53,45,0.00,0,40,0.0
954,Dale Hartt,6,3,0,177.8,155,69,1,47,1.14,35,1.55,66,1.22,100,25,2.5
955,Clay Harvison,13,6,0,185.4,170,74,1,46,3.29,48,3.91,58,0.66,100,68,1.3
956,Bilal Hasan,10,0,0,170.2,125,70,3,25,9.01,47,4.38,50,1.83,100,0,0.0
957,Farman Hasanov,6,0,0,180.3,170,74,1,31,1.40,51,1.00,70,17.00,62,0,0.0
958,Ahmad Hassanzada,11,3,0,185.4,155,75,1,29,3.16,39,4.42,38,2.43,19,0,1.2
959,John Hathaway,17,2,0,185.4,170,75,1,39,3.40,40,1.80,62,2.61,43,60,0.9
960,Phil Hawes,12,6,0,182.9,185,77,1,37,5.33,59,3.72,55,2.11,34,90,0.2
961,Dustin Hazelett,12,7,0,185.4,170,76,1,40,2.24,40,3.51,46,0.55,50,25,4.1
962,James Head,9,4,0,185.4,170,73,1,42,2.75,48,3.11,49,0.41,100,66,0.8
963,Pat Healy,34,23,0,182.9,155,72,1,43,2.57,36,2.57,50,3.08,37,55,1.1
964,David Heath,18,7,0,180.3,205,72,1,50,1.48,30,5.16,49,0.33,50,57,1.0
965,Jake Hecht,11,4,0,182.9,170,73,1,42,3.26,47,2.76,56,2.04,37,40,0.0
966,Donavon Hedrick,6,1,0,180.3,185,76,1,29,2.70,47,1.77,61,3.12,33,42,0.0
967,Nick Hein,14,5,0,167.6,155,66,2,42,2.65,35,3.61,59,0.86,33,83,0.0
968,Ian Heinisch,14,5,0,180.3,185,72,1,38,3.25,50,2.98,59,1.02,17,59,0.7
969,Marcin Held,23,7,0,175.3,155,71,1,34,1.41,34,2.02,47,2.46,46,37,1.3
970,Dan Henderson,32,15,0,180.3,185,74,1,56,2.44,47,2.70,51,1.52,52,57,0.3
971,Benson Henderson,24,7,0,175.3,170,70,2,42,2.93,45,1.79,63,2.40,45,63,0.8
972,Johny Hendricks,18,8,0,175.3,185,69,2,43,3.49,45,3.99,53,3.83,46,63,0.3
973,Luis Henrique,10,5,0,188.0,243,74,1,33,1.81,43,2.22,47,3.09,36,50,1.0
974,Paulo Henrique,12,2,0,170.2,125,69,3,24,0.93,32,1.87,61,0.00,0,50,0.0
975,Danny Henry,12,4,0,182.9,145,73,1,38,5.20,51,4.16,45,0.74,33,50,2.2
976,Victor Henry,25,7,0,170.2,135,68,3,39,7.17,53,5.19,48,1.04,42,81,0.3
977,Jai Herbert,14,6,1,185.4,155,77,1,38,3.19,41,3.34,52,0.42,21,66,0.0
978,Ed Herman,27,16,0,185.4,205,77,1,45,3.31,48,3.71,42,1.96,47,59,1.0
979,Dave Herman,22,6,0,193.0,242,77,1,41,4.98,60,3.78,48,1.49,100,58,0.0
980,Jack Hermansson,24,10,0,185.4,170,77,1,38,5.15,45,3.72,56,1.48,29,80,0.4
981,Alexander Hernandez,18,9,0,175.3,155,72,1,34,4.23,40,4.45,59,1.05,35,68,0.1
982,Anthony Hernandez,15,4,0,182.9,185,75,1,32,4.42,60,3.69,48,5.25,40,68,1.4
983,Nohelin Hernandez,9,4,0,177.8,135,71,1,32,1.32,34,2.63,52,0.71,50,37,0.0
984,Carlos Hernandez,10,5,0,172.7,125,67,1,32,3.83,45,3.50,50,1.56,21,65,0.2
985,Leslie Hernandez,4,2,0,160.0,115,64,1,28,3.60,58,2.53,55,0.00,0,54,0.0
986,Luis Hernandez,9,0,0,175.3,185,73,2,30,10.05,57,5.45,42,4.31,50,100,6.5
987,Geane Herrera,9,3,0,165.1,125,66,1,36,1.51,31,5.07,52,0.83,37,38,0.6
988,Alvaro Herrera Mendoza,9,6,0,182.9,155,74,1,36,1.89,38,3.40,55,0.00,0,33,1.1
989,Felice Herrig,14,10,0,162.6,115,65,1,42,3.84,37,5.19,48,1.08,28,75,0.8
990,Heath Herring,28,16,0,193.0,250,78,1,48,2.37,50,1.77,54,1.22,50,32,0.7
991,Clint Hester,11,6,0,188.0,205,77,1,39,3.36,42,3.44,56,1.02,35,60,0.0
992,Jimy Hettes,11,3,0,175.3,145,71,2,39,3.47,57,3.50,57,5.20,44,61,1.4
993,Marcus Hicks,10,4,0,167.6,155,64,2,50,1.42,43,3.06,61,2.70,53,25,4.0
994,Jay Hieron,23,7,0,182.9,170,75,1,50,1.66,32,1.89,61,4.05,60,66,1.0
995,Brady Hiestand,10,2,0,172.7,135,71,1,27,2.72,50,3.67,51,4.13,37,61,1.4
996,Jason High,21,6,0,172.7,155,73,2,44,1.28,42,1.56,48,2.36,63,37,2.8
997,Corey Hill,6,9,0,193.0,155,80,1,47,3.57,46,1.61,70,3.02,80,100,0.0
998,Angela Hill,19,16,0,160.0,115,64,1,41,5.46,50,5.00,60,0.76,30,72,0.2
999,Jamahal Hill,12,4,0,193.0,205,79,2,35,6.19,51,4.03,44,0.00,0,73,0.0
1000,Kailan Hill,4,1,0,185.4,185,77,2,31,2.60,53,4.80,37,3.00,42,0,0.0
1001,Alvin Hines,7,2,0,188.0,265,74,1,34,5.58,32,7.62,38,0.90,10,0,0.0
1002,Hatsu Hioki,29,10,2,180.3,145,73,1,43,2.42,42,2.12,65,2.55,56,54,0.6
1003,Kuniyoshi Hironaka,23,9,0,177.8,168,70,1,50,1.98,40,3.01,54,1.91,30,25,0.6
1004,Mizuto Hirota,18,10,2,170.2,155,67,1,45,3.36,40,3.50,54,1.36,50,58,0.1
1005,An Tuan Ho,6,2,0,167.6,125,66,3,26,1.95,35,2.81,55,1.72,25,16,0.0
1006,Matt Hobar,9,3,0,177.8,135,70,2,39,3.23,42,4.27,52,3.66,44,50,0.0
1007,Chris Hofmann,9,2,0,182.9,170,72,1,36,4.78,45,4.63,35,3.42,42,0,0.0
1008,Josh Hokit,10,0,0,185.4,235,73,1,28,9.29,64,5.28,48,3.73,47,77,0.4
1009,Andrew Holbrook,12,3,0,180.3,155,70,2,40,2.20,49,3.00,54,0.85,18,10,2.1
1010,Kevin Holland,29,15,0,190.5,170,81,1,33,4.24,49,3.21,50,0.79,36,57,0.6
1011,Max Holloway,28,9,0,180.3,155,69,1,34,6.92,48,4.60,58,0.22,53,81,0.3
1012,Holly Holm,15,7,0,172.7,135,69,2,44,3.13,40,2.92,55,0.87,30,76,0.1
1013,Joseph Holmes,8,4,0,193.0,185,80,1,31,2.88,53,3.08,54,1.49,40,50,0.8
1014,Brandon Holmes,6,2,0,185.4,185,76,1,29,4.35,43,10.57,52,0.00,0,50,0.0
1015,Kurt Holobaugh,22,10,0,180.3,155,70,1,40,4.58,44,4.24,49,0.65,33,38,0.8
1016,Paddy Holohan,12,2,1,177.8,125,69,1,38,2.13,46,2.81,46,2.88,47,71,1.3
1017,Scott Holtzman,14,6,0,175.3,155,69,1,43,4.32,47,3.66,55,1.88,56,67,0.2
1018,Sabah Homasi,11,8,0,182.9,170,72,1,37,4.98,48,6.91,47,2.80,50,66,0.0
1019,Mark Hominick,20,12,0,172.7,145,68,1,44,4.08,42,4.18,69,0.25,66,71,0.9
1020,Barb Honchak,10,4,0,162.6,125,65,1,47,4.04,30,4.67,66,0.00,0,0,1.3
1021,Chris Honeycutt,9,1,0,177.8,170,73,3,38,2.99,44,1.41,66,3.40,45,75,0.0
1022,JunYoung Hong,13,8,1,175.3,145,69,1,35,2.10,39,2.30,48,0.00,0,35,0.0
1023,SeongChan Hong,9,2,0,170.2,155,69,1,36,6.57,55,8.76,47,0.00,0,0,0.0
1024,Lorenzo Hood,14,5,0,190.5,265,80,2,37,2.64,61,4.66,11,0.00,0,100,0.0
1025,Dan Hooker,24,15,0,182.9,155,75,3,36,4.82,48,4.94,48,0.67,33,77,0.6
1026,Chase Hooper,17,5,1,185.4,155,74,2,27,4.44,49,2.97,39,2.50,32,55,2.2
1027,Dakota Hope,11,2,0,167.6,155,68,3,29,7.07,41,7.00,33,1.00,33,100,0.0
1028,Darrell Horcher,13,4,0,177.8,155,70,2,39,2.05,44,4.21,39,0.35,50,47,0.7
1029,Yoshinori Horie,8,2,0,172.7,145,70,1,31,2.76,49,5.65,48,0.00,0,0,0.0
1030,Kyoji Horiguchi,36,6,0,162.6,125,63,1,35,3.64,47,2.08,64,1.67,40,61,0.1
1031,Yuma Horiuchi,9,5,0,167.6,125,67,3,29,3.73,30,5.00,35,2.00,16,0,2.0
1032,Jeremy Horn,91,22,5,185.4,185,74,1,51,1.19,39,1.99,55,1.83,38,29,1.1
1033,Chris Horodecki,21,7,1,175.3,155,69,1,39,4.59,41,3.16,65,1.52,55,37,0.9
1034,Jamey-Lyn Horth,9,3,0,170.2,125,66,1,36,3.80,47,2.64,63,0.98,42,80,0.2
1035,Jeff Hougland,10,6,0,170.2,135,68,1,48,1.86,48,3.46,47,0.86,18,0,1.1
1036,John Howard,24,13,0,170.2,170,72,1,43,2.15,50,3.08,51,2.70,49,53,0.4
1037,Hu Yaozong,3,3,0,190.5,185,72,1,31,3.35,48,5.09,35,0.00,0,33,0.4
1038,Carlos Huachin,10,5,1,162.6,135,67,2,30,2.10,21,4.80,50,0.00,0,66,0.0
1039,Brady Huang,11,2,0,175.3,135,69,1,33,4.62,37,10.77,30,0.00,0,0,0.0
1040,Huang Feier,14,8,0,165.1,115,65,1,32,0.00,0,0.00,0,0.00,0,0,0.0
1041,Austin Hubbard,17,10,0,177.8,155,71,1,34,3.97,42,4.10,55,1.63,28,68,0.1
1042,Collin Huckbody,8,2,0,190.5,185,76,1,32,2.05,60,2.73,42,10.23,100,0,20.4
1043,Roger Huerta,23,9,1,175.3,155,70,1,43,3.64,36,2.33,56,2.13,46,52,0.5
1044,Matt Hughes,45,9,0,175.3,170,73,3,52,2.14,53,1.36,53,2.95,50,35,1.2
1045,Jeff Hughes,10,4,0,188.0,250,77,1,38,3.95,51,3.67,60,0.71,50,45,0.0
1046,Sam Hughes,11,7,0,165.1,115,64,1,34,4.41,47,4.69,58,1.12,29,63,0.2
1047,Victor Hugo,25,5,0,170.2,135,71,1,33,3.27,44,2.95,56,0.81,33,73,1.2
1048,Ronald Humphrey,5,0,0,177.8,170,77,1,26,7.65,68,3.70,62,18.52,83,0,3.7
1049,Harry Hunsucker,7,6,0,188.0,205,75,1,37,3.54,52,6.53,42,0.00,0,0,2.0
1050,Mark Hunt,13,14,1,177.8,265,72,1,52,2.81,43,2.90,51,0.51,55,64,0.2
1051,Zevan Hunt,7,1,0,182.9,170,73,1,27,5.33,36,30.67,37,20.00,100,0,0.0
1052,Abdul Hussein,16,2,0,170.2,135,67,1,29,4.96,65,3.35,45,1.14,50,66,3.4
1053,In Su Hwang,8,2,0,180.3,185,74,1,32,2.47,46,6.20,44,0.00,0,50,0.0
1054,Al Iaquinta,14,7,1,177.8,155,70,1,39,4.06,40,4.53,61,0.63,18,74,0.2
1055,Khadis Ibragimov,8,4,0,190.5,205,78,1,31,3.55,49,4.26,47,0.97,30,80,0.3
1056,Alibi Idiris,11,1,0,167.6,125,68,1,31,2.51,44,2.64,60,3.25,31,66,0.0
1057,Dan Ige,19,12,0,170.2,135,71,1,35,3.51,43,3.56,56,0.88,25,55,0.2
1058,Zelim Imadaev,8,3,0,182.9,170,76,1,31,2.91,36,4.35,43,0.38,50,60,0.0
1059,Nassourdine Imavov,17,4,0,190.5,185,75,1,30,4.28,54,3.17,58,0.74,32,81,1.0
1060,Michael Imperato,12,7,0,170.2,135,66,3,37,1.93,48,2.67,60,1.00,12,0,1.0
1061,Rui Imura,12,5,0,177.8,135,69,2,27,1.65,33,4.19,33,1.65,20,0,0.0
1062,Naoki Inoue,11,1,0,175.3,125,71,1,29,3.67,35,3.37,60,0.00,0,60,2.5
1063,James Irvin,17,10,0,188.0,205,75,1,48,2.03,48,3.86,35,0.00,0,36,0.5
1064,Issa Isakov,10,3,0,175.3,155,70,1,36,1.93,36,5.78,40,0.00,0,0,0.0
1065,Teruto Ishihara,10,7,2,170.2,135,69,2,35,3.26,44,3.63,53,0.50,16,30,0.0
1066,Damir Ismagulov,24,3,0,177.8,155,74,1,35,3.36,42,2.44,61,1.00,28,70,0.0
1067,Leandro Issa,13,6,0,170.2,135,69,1,43,2.08,37,3.17,58,2.38,22,50,1.2
1068,Kuya Ito,17,9,1,165.1,135,66,1,29,3.40,39,3.13,55,0.00,0,62,1.0
1069,Blagoy Ivanov,19,6,0,180.3,250,73,2,39,3.25,40,4.20,53,0.69,40,61,0.1
1070,Anthony Ivy,8,4,0,188.0,185,74,1,36,2.50,42,4.57,51,4.69,20,100,0.0
1071,Taiga Iwasaki,9,2,0,185.4,185,73,1,29,1.99,33,7.08,32,0.00,0,0,0.0
1072,Saygid Izagakhmaev,22,4,0,182.9,170,74,1,32,1.77,45,1.77,60,3.00,35,66,1.5
1073,Yves Jabouin,20,11,0,170.2,135,68,1,47,3.06,41,2.93,62,1.94,60,82,0.1
1074,Quinton Jackson,37,12,0,185.4,205,73,1,48,3.25,54,2.51,55,1.52,56,73,0.1
1075,Damon Jackson,23,8,1,180.3,155,71,3,38,2.96,42,3.47,49,2.30,32,37,1.2
1076,Mike Jackson,1,2,0,188.0,170,74,1,41,4.49,57,3.73,62,0.71,33,88,0.0
1077,Jason Jackson,7,2,0,185.4,170,78,1,35,2.24,48,1.31,56,0.00,0,0,0.0
1078,Montel Jackson,16,4,0,177.8,135,75,2,34,3.06,52,1.42,60,2.58,62,66,0.4
1079,Richard Jacobi,6,1,1,193.0,260,75,1,33,0.88,44,3.94,51,3.28,100,100,0.0
1080,Dustin Jacoby,22,10,1,190.5,205,76,1,38,5.31,47,4.02,57,0.30,25,62,0.0
1081,Virna Jandiroba,23,4,0,160.0,115,64,1,38,2.27,41,2.86,55,3.13,39,72,1.4
1082,Ryan Janes,10,3,0,190.5,185,76,1,45,7.69,48,5.53,59,0.35,100,58,0.0
1083,YunSeong Jang,7,2,0,182.9,170,72,1,23,2.53,41,4.13,51,2.00,50,90,0.0
1084,Milos Janicic,19,4,0,180.3,155,71,1,29,4.44,31,3.70,54,0.00,0,0,0.0
1085,Dave Jansen,20,4,0,175.3,155,73,1,47,2.94,33,3.67,58,2.79,28,38,0.9
1086,Keith Jardine,17,11,2,188.0,185,76,1,50,3.25,36,2.98,59,1.18,45,62,0.7
1087,Rony Jason,14,7,0,170.2,145,73,1,42,2.04,44,3.14,53,0.59,30,36,0.8
1088,Jasmine Jasudavicius,15,4,0,170.2,125,68,1,37,3.47,44,3.46,51,2.63,46,75,0.5
1089,Yazmin Jauregui,12,2,0,160.0,115,64,1,27,7.26,40,5.29,55,0.34,16,100,0.0
1090,Justin Jaynes,16,8,0,170.2,145,68,1,37,3.34,44,5.33,62,0.75,40,20,1.1
1091,Joanna Jedrzejczyk,16,5,0,167.6,115,65,1,39,6.28,48,3.25,62,0.27,62,80,0.1
1092,Aaron Jeffery,10,3,0,188.0,185,73,1,33,3.10,45,4.46,34,0.00,0,50,0.0
1093,Brandon Jenkins,15,9,0,182.9,155,71,3,35,2.93,41,8.05,33,0.00,0,27,0.0
1094,Jack Jenkins,14,5,0,170.2,145,68,3,32,4.25,59,3.08,58,1.70,48,73,0.3
1095,Ryan Jensen,21,8,0,185.4,185,76,1,49,2.84,39,2.99,59,1.55,50,31,1.9
1096,Baergeng Jieleyisi,18,7,0,175.3,145,71,1,30,1.61,35,2.62,52,1.73,38,78,0.2
1097,Ramiro Jimenez,11,0,0,175.3,145,73,2,27,14.22,65,2.43,82,5.20,100,100,0.0
1098,Ryan Jimmo,19,5,0,185.4,205,73,1,44,3.12,66,2.77,46,0.45,28,87,0.0
1099,Jinensibieke Asikeerbai,36,11,0,167.6,155,69,1,38,2.00,50,10.00,0,0.00,0,0,0.0
1100,Jiniushiyue,17,4,0,172.7,125,68,2,25,2.70,44,2.53,48,2.26,53,50,0.0
1101,Sung Bin Jo,9,1,0,182.9,145,72,1,34,1.40,33,2.67,51,1.00,33,83,1.0
1102,Carls John De Tomas,6,2,0,165.1,125,71,2,30,1.74,37,3.93,44,1.37,33,66,0.0
1103,Brett Johns,17,2,0,170.2,135,71,1,34,2.86,49,3.84,53,4.92,49,58,1.0
1104,Miles Johns,16,5,0,170.2,135,68,1,32,3.37,44,2.97,65,1.20,26,77,0.0
1105,Anthony Johnson,22,6,0,188.0,205,78,1,42,3.25,47,1.83,60,2.43,57,77,0.6
1106,DaMarques Johnson,15,15,0,185.4,170,75,1,44,2.11,37,3.75,51,1.18,55,19,0.7
1107,Tony Johnson,7,2,0,188.0,205,76,1,43,4.00,92,3.67,22,0.00,0,90,0.0
1108,Lavar Johnson,18,10,0,193.0,240,82,1,49,5.39,55,2.54,55,0.61,66,54,0.6
1109,Demetrious Johnson,27,3,1,160.0,125,66,1,40,3.43,54,1.66,67,3.35,56,65,0.5
1110,Michael Johnson,25,20,0,177.8,155,73,2,40,4.27,39,3.78,58,0.57,38,81,0.0
1111,Kajan Johnson,23,13,1,180.3,155,75,1,42,2.47,42,1.59,64,1.54,37,62,0.2
1112,Timothy Johnson,12,4,0,190.5,265,77,2,41,3.43,45,3.08,44,1.09,24,69,0.0
1113,Jordan Johnson,10,0,0,188.0,205,79,1,37,3.45,47,2.64,53,3.25,42,100,1.2
1114,Taylor Johnson,5,1,0,182.9,185,74,3,35,5.09,60,1.13,33,8.49,100,100,0.0
1115,Chad Johnson,6,2,0,188.0,230,80,1,40,5.92,68,7.80,40,0.00,0,0,0.0
1116,Jose Johnson,16,10,0,182.9,125,71,1,31,2.27,57,1.61,53,0.69,60,41,0.7
1117,Charles Johnson,20,9,0,175.3,125,70,3,35,4.60,49,3.93,55,0.44,14,66,0.4
1118,Donte Johnson,9,0,0,172.7,185,74,2,27,3.36,46,2.11,61,1.87,100,76,0.6
1119,Ben Johnston,5,2,0,193.0,185,76,1,35,1.01,75,1.01,29,2.54,100,100,0.0
1120,Liana Jojua,8,5,0,162.6,125,62,1,31,2.42,30,5.32,54,1.71,66,50,1.3
1121,Daniel Jolly,5,3,0,185.4,205,75,1,42,1.32,46,3.39,44,2.83,33,50,0.0
1122,Jon Jones,28,1,0,193.0,248,84,1,39,4.38,58,2.24,64,1.89,45,95,0.5
1123,Jamelle Jones,7,5,0,182.9,205,75,1,38,1.78,80,3.11,65,0.00,0,0,0.0
1124,Trevin Jones,13,10,0,170.2,135,70,2,36,2.13,37,4.29,39,0.62,15,60,0.2
1125,Mason Jones,18,3,0,177.8,155,74,1,31,6.33,43,4.87,48,3.38,56,77,0.1
1126,Jacobi Jones,6,2,0,175.3,155,72,1,30,5.87,46,7.60,48,0.00,0,33,0.0
1127,Jocelyn Jones-Lybarger,6,4,0,170.2,115,64,1,40,2.96,31,4.83,56,0.34,25,81,0.0
1128,Shawn Jordan,19,8,0,182.9,260,75,2,41,2.87,50,3.30,47,1.97,38,76,0.1
1129,Ivan Jorge,27,7,0,175.3,155,73,1,45,3.41,49,2.91,59,1.56,16,75,0.6
1130,Scott Jorgensen,15,12,0,165.1,135,66,1,44,3.37,40,3.41,65,2.61,45,59,0.7
1131,Krzysztof Jotko,24,6,0,185.4,185,77,2,37,2.98,42,2.23,57,1.33,39,82,0.1
1132,Alan Jouban,17,7,0,182.9,170,73,2,44,5.67,50,3.77,60,0.51,44,58,0.3
1133,Charles Jourdain,18,9,1,175.3,135,69,3,30,5.44,50,4.22,55,0.36,20,44,0.6
1134,Louis Jourdain,9,3,0,175.3,135,69,1,29,7.32,49,2.44,54,0.00,0,66,1.4
1135,Kevin Jousset,10,4,0,188.0,170,75,1,33,6.61,51,6.49,50,0.69,40,100,0.3
1136,Dustin Joynson,5,0,0,198.1,244,78,1,40,3.28,53,5.63,47,0.00,0,0,0.0
1137,Ernie Juarez,8,1,0,172.7,145,70,3,28,4.21,51,6.23,55,0.00,0,25,0.0
1138,Anshul Jubli,7,2,0,182.9,155,69,3,31,6.42,46,5.72,50,0.81,18,63,0.4
1139,Carli Judice,7,2,0,170.2,115,68,2,27,9.33,50,6.60,57,0.50,25,80,0.0
1140,Luke Jumeau,13,5,0,180.3,170,72,1,38,2.93,43,3.17,58,0.25,100,86,0.0
1141,Chan Sung Jung,17,8,0,170.2,145,72,1,39,3.93,41,4.52,52,0.70,44,72,0.6
1142,Da Woon Jung,15,6,1,193.0,205,78,1,32,3.24,40,4.23,49,1.59,47,75,0.2
1143,Reginaldo Junior,11,2,0,172.7,170,74,1,27,1.47,48,4.40,55,4.00,66,100,3.0
1144,Myles Jury,17,4,0,177.8,145,73,1,37,2.94,42,2.16,66,2.16,55,50,0.3
1145,Cristiane Justino,21,2,0,172.7,145,68,1,41,7.28,52,2.25,64,0.66,55,94,0.4
1146,Oron Kahlon,16,1,0,172.7,135,70,1,41,0.85,37,4.93,36,0.00,0,40,0.0
1147,Kaiwen,15,7,0,172.7,145,71,3,30,3.73,42,4.72,54,1.41,26,92,0.0
1148,Saidyokub Kakhramonov,10,3,0,172.7,135,69,1,30,2.05,51,0.88,58,6.63,48,83,1.9
1149,Kai Kamaka III,18,8,1,170.2,145,69,1,31,5.49,59,6.03,55,1.45,53,55,0.2
1150,Shuya Kamikubo,13,2,1,165.1,135,68,3,33,3.83,54,4.90,47,1.50,15,0,0.5
1151,Daichi Kamiya,6,1,0,172.7,155,68,2,27,1.69,53,4.50,35,5.07,27,100,0.0
1152,Martin Kampmann,20,7,0,182.9,170,72,1,44,3.22,42,3.28,62,1.86,41,78,2.0
1153,Koya Kanda,12,5,0,175.3,145,75,2,30,3.63,41,2.90,53,2.00,18,100,0.0
1154,Bharat Kandare,5,3,0,170.2,135,72,1,39,0.70,10,1.88,72,0.00,0,0,0.0
1155,Masanori Kanehara,26,12,5,170.2,135,67,1,43,1.88,49,1.63,62,1.44,50,63,0.9
1156,Denis Kang,35,16,2,180.3,185,77,1,49,2.27,35,1.65,67,2.51,65,38,1.2
1157,Kyung Ho Kang,19,11,0,175.3,135,73,1,39,3.13,47,3.32,54,1.97,50,68,0.8
1158,Manel Kape,23,7,0,165.1,125,68,2,32,4.68,55,3.88,57,0.36,30,78,0.2
1159,Kai Kara-France,25,12,0,162.6,125,69,1,33,4.46,40,3.24,64,0.56,30,83,0.0
1160,Alex Karalexis,10,6,0,172.7,155,66,1,49,2.57,42,2.39,54,2.70,45,86,0.9
1161,Ernesta Kareckaite,6,2,1,175.3,125,71,1,28,7.28,42,6.47,49,0.75,60,81,0.0
1162,Impa Kasanganay,9,2,0,180.3,170,75,1,32,4.96,48,3.66,58,1.75,58,66,0.2
1163,Jinnosuke Kashimura,4,2,0,170.2,155,71,2,25,0.21,50,7.37,25,3.16,100,0,6.3
1164,Nadia Kassem,5,2,0,165.1,125,66,2,30,3.13,41,4.48,48,0.46,33,40,2.8
1165,Brad Katona,16,5,0,167.6,135,64,1,34,4.81,52,4.75,50,1.86,34,61,0.0
1166,Calvin Kattar,23,10,0,180.3,145,72,1,38,4.41,37,6.55,54,0.34,29,77,0.1
1167,Sarah Kaufman,18,4,0,165.1,135,66,1,41,6.65,46,4.00,62,0.38,57,81,0.0
1168,Lone'er Kavanagh,10,2,0,167.6,125,67,1,27,4.13,50,3.94,53,1.12,46,82,0.4
1169,Canaan Kawaihae,6,2,0,182.9,145,71,2,29,2.83,51,4.59,36,0.00,0,100,0.0
1170,Tatsuya Kawajiri,36,11,2,170.2,145,69,1,48,2.04,44,2.01,50,3.63,48,63,1.1
1171,Masuto Kawana,10,4,0,167.6,145,69,1,31,2.54,41,3.79,41,11.67,55,100,0.0
1172,Toshiomi Kazama,11,5,0,170.2,135,69,1,29,1.49,53,4.56,38,1.94,16,66,1.0
1173,Losene Keita,17,2,0,170.2,145,72,1,28,3.91,46,3.97,64,0.00,0,100,0.0
1174,Chris Kelades,9,3,0,170.2,125,68,1,45,2.40,43,2.64,48,1.04,18,53,0.3
1175,Brian Kelleher,24,16,0,167.6,135,66,3,40,3.31,41,4.59,54,1.68,41,60,0.7
1176,Tony Kelley,8,3,0,175.3,135,70,3,39,5.55,47,4.85,45,0.00,0,52,1.4
1177,Paul Kelly,14,5,0,175.3,155,70,1,42,3.22,37,2.61,59,1.34,60,30,1.5
1178,Daniel Kelly,13,4,0,182.9,185,70,2,48,3.62,38,4.64,61,1.86,34,78,0.3
1179,Tim Kennedy,18,6,0,180.3,185,74,1,47,2.78,47,1.84,62,2.58,35,70,0.7
1180,Jeremy Kennedy,11,1,0,180.3,145,71,1,34,2.22,46,2.58,47,5.73,52,66,0.0
1181,Casey Kenney,16,4,1,170.2,135,68,2,35,4.85,42,4.67,58,1.09,35,61,0.4
1182,Maimaitituoheti Keremuaili,26,11,0,167.6,135,66,1,35,1.47,52,1.67,37,1.00,33,84,0.0
1183,Will Kerr,9,3,0,177.8,155,69,1,43,1.91,42,6.22,33,0.00,0,0,14.3
1184,Rustam Khabilov,24,4,0,172.7,155,73,1,39,1.98,34,2.16,65,3.95,41,61,0.1
1185,Sergey Khandozhko,28,6,1,185.4,170,74,1,34,3.41,41,2.37,60,0.76,28,61,0.0
1186,Alfred Khashakyan,8,3,0,172.7,135,70,1,38,6.14,42,6.38,40,3.54,25,0,0.0
1187,Aziz Khaydarov,21,7,0,180.3,155,72,1,33,2.60,61,2.80,61,0.00,0,85,0.0
1188,Mansher Khera,10,0,0,177.8,155,68,1,34,2.80,38,2.60,38,2.00,14,100,0.0
1189,Aliaskhab Khizriev,14,0,0,175.3,185,74,2,36,6.01,64,4.38,61,5.64,60,100,3.8
1190,WonBin Ki,18,9,0,180.3,155,73,1,35,6.73,50,4.21,55,0.73,20,50,0.0
1191,Pannie Kianzad,17,9,0,170.2,135,66,1,34,4.88,49,4.09,51,0.41,33,65,0.1
1192,Katsunori Kikuno,24,8,2,172.7,145,66,1,44,2.64,40,2.47,61,1.88,75,76,0.8
1193,Jacob Kilburn,8,4,0,175.3,145,72,1,31,2.56,33,6.78,35,0.51,5,20,0.5
1194,Dong Hyun Kim,22,4,1,188.0,170,76,2,44,2.12,49,1.89,58,2.93,43,71,0.6
1195,Ji Yeon Kim,9,7,2,170.2,125,72,1,36,5.37,36,5.41,56,0.00,0,50,0.1
1196,MinWoo Kim,10,2,0,172.7,135,72,1,33,0.00,0,0.00,0,0.00,0,0,0.0
1197,HanSeul Kim,13,6,0,185.4,170,73,2,36,5.79,42,5.68,52,0.00,0,50,1.7
1198,KyeungPyo Kim,11,4,0,175.3,155,71,1,34,6.77,46,6.32,63,3.87,40,100,0.0
1199,Sangwook Kim,13,4,0,182.9,155,71,1,32,5.11,55,5.82,44,1.77,22,72,1.2
1200,SangWon Kim,10,6,1,175.3,145,69,1,33,3.18,57,3.73,58,0.69,25,72,0.0
1201,KyuSung Kim,12,6,0,180.3,125,69,1,33,1.53,53,0.87,69,0.00,0,33,0.0
1202,Jeremy Kimball,15,8,0,182.9,205,72,3,35,2.81,46,3.84,49,1.41,20,50,0.0
1203,Rob Kimmons,25,9,0,177.8,185,73,1,45,1.86,48,4.79,38,2.08,46,25,2.4
1204,Dustin Kimura,11,3,0,170.2,135,71,1,37,1.33,21,3.82,51,0.93,37,50,2.2
1205,Sean King III,7,0,0,180.3,145,72,1,22,11.67,53,5.00,50,25.00,100,0,0.0
1206,Kyle Kingsbury,11,6,0,193.0,205,79,1,44,2.97,40,3.81,51,2.64,41,52,0.0
1207,Yusaku Kinoshita,6,3,0,182.9,170,71,2,26,4.65,50,5.12,51,0.00,0,50,0.0
1208,Kamuela Kirk,12,6,0,177.8,155,75,3,32,3.22,50,5.87,40,1.50,26,47,1.2
1209,Justine Kish,7,4,0,165.1,125,64,1,38,4.51,48,4.59,57,0.87,33,50,0.1
1210,Top Noi Kiwram,9,5,0,165.1,125,67,2,34,4.47,59,3.23,66,2.72,85,74,0.0
1211,Ludovit Klein,24,6,1,170.2,155,72,2,31,3.83,53,3.57,53,1.29,50,76,0.0
1212,Nick Klein,6,3,0,185.4,185,77,1,31,2.51,56,3.41,39,5.79,35,66,1.9
1213,Fatima Kline,10,1,0,167.6,115,67,1,26,4.88,48,2.46,61,3.13,66,65,0.2
1214,Drakkar Klose,16,4,1,175.3,155,70,1,38,4.01,54,3.71,48,1.37,26,70,0.0
1215,Jason Knight,20,5,0,177.8,145,71,1,34,2.95,33,3.02,51,1.31,31,47,1.7
1216,William Knight,11,5,0,177.8,205,73,1,38,2.62,56,3.30,35,1.78,40,48,0.4
1217,Josefine Knutsson,8,1,0,160.0,115,60,1,30,4.24,51,2.13,54,1.60,72,35,0.0
1218,Seokhyeon Ko,13,3,0,177.8,170,71,2,33,3.15,50,1.93,62,3.00,52,50,0.2
1219,Erik Koch,16,6,0,177.8,170,71,2,37,2.33,42,2.82,47,1.02,42,81,1.0
1220,Kaloyan Kolev,10,1,0,188.0,205,73,1,33,1.12,45,4.49,42,10.11,60,0,0.0
1221,Syuri Kondo,6,3,0,162.6,115,66,1,37,5.40,44,7.22,58,0.00,0,83,0.3
1222,Mantas Kondratavicius,9,1,0,188.0,185,75,1,27,4.97,65,1.30,57,2.80,60,91,0.9
1223,Cheick Kongo,27,10,2,193.0,240,82,1,51,3.33,56,1.28,54,2.30,56,52,0.2
1224,Roman Kopylov,15,5,0,182.9,185,75,2,34,4.54,50,5.08,53,1.12,50,88,0.0
1225,Bruno Korea,7,3,0,167.6,135,65,3,35,2.12,34,3.96,42,0.00,0,25,0.0
1226,Chungreng Koren,8,3,0,167.6,135,67,1,28,3.92,44,3.38,42,6.88,50,33,0.6
1227,Josh Koscheck,17,11,0,177.8,170,73,1,48,1.79,36,2.27,63,2.46,48,64,0.4
1228,Steven Koslow,6,1,0,170.2,135,69,3,29,0.77,37,3.73,40,5.28,55,0,1.1
1229,Naoyuki Kotani,34,14,7,172.7,155,66,2,44,1.02,31,2.89,50,0.83,16,46,0.8
1230,Karolina Kowalkiewicz,16,10,0,160.0,115,64,1,40,5.54,42,5.77,56,0.36,23,74,0.2
1231,Martin Kozak,7,0,0,193.0,185,73,2,24,9.64,71,3.98,58,0.00,0,80,0.0
1232,Derrick Krantz,22,12,0,177.8,170,72,1,38,2.07,37,4.03,50,3.18,50,0,0.8
1233,James Krause,28,9,0,188.0,170,73,1,40,4.79,49,4.11,61,0.96,18,59,0.9
1234,Joe Kropschot,9,3,0,190.5,185,79,1,31,7.93,61,3.93,62,1.00,50,50,3.0
1235,Kaynan Kruschewsky,15,3,0,182.9,155,73,1,35,5.67,50,5.71,46,2.74,100,75,2.1
1236,Nikita Krylov,31,12,0,190.5,205,77,1,34,4.38,54,2.75,48,2.19,38,53,1.1
1237,Mariusz Ksiazkiewicz,8,1,0,190.5,185,75,2,36,0.93,45,3.40,39,4.00,100,0,2.0
1238,Eliezer Kubanza,7,1,0,175.3,170,74,1,28,2.11,50,6.97,37,0.00,0,100,0.0
1239,Michael Kuiper,15,5,0,182.9,185,73,1,37,3.28,54,3.62,54,2.30,55,79,0.0
1240,Anton Kuivanen,24,10,0,172.7,155,72,1,42,2.27,38,1.63,67,1.20,100,71,0.4
1241,Sumit Kumar,8,1,0,165.1,125,66,1,26,2.80,24,4.67,46,6.00,30,60,0.0
1242,Aleksei Kunchenko,20,2,0,172.7,170,70,1,42,3.67,44,2.83,63,0.25,33,80,0.0
1243,Rizvan Kuniev,14,3,1,193.0,240,76,1,34,4.32,54,2.22,49,0.79,75,93,0.0
1244,Kiichi Kunimoto,18,7,2,177.8,170,71,1,45,1.87,44,3.92,41,1.59,20,28,0.3
1245,Jon Kunneman,10,1,0,175.3,185,73,1,27,3.93,37,7.93,38,2.00,50,50,0.0
1246,Korey Kuppe,8,4,0,195.6,170,77,3,37,0.73,73,1.33,31,0.00,0,69,1.0
1247,Ramazan Kuramagomedov,8,0,0,185.4,170,73,1,30,11.67,67,9.13,54,1.00,14,0,0.0
1248,Ryan Kuse,9,3,0,172.7,145,71,1,32,1.80,23,3.95,56,0.00,0,0,0.0
1249,Guram Kutateladze,13,5,0,180.3,155,72,1,34,3.53,45,4.22,54,0.61,15,75,0.0
1250,Vadym Kutsyi,17,2,0,182.9,170,71,1,35,5.53,48,4.94,55,3.53,40,0,0.0
1251,Mike Kyle,22,14,1,193.0,205,77,1,46,3.93,51,3.35,49,1.33,62,50,0.8
1252,Lisa Kyriacou,7,2,0,165.1,125,64,1,32,4.67,41,4.40,47,0.00,0,33,0.0
1253,Daniel Lacerda,11,6,0,167.6,125,70,3,30,3.95,45,8.28,34,2.32,50,0,1.2
1254,Luan Lacerda,13,4,0,170.2,135,71,1,33,4.06,42,6.15,49,2.82,39,66,0.6
1255,Aspen Ladd,9,3,0,167.6,135,66,1,31,3.78,47,4.65,47,1.56,47,62,0.6
1256,Ryan LaFlare,14,3,0,185.4,170,74,2,43,2.89,40,1.86,63,2.13,44,58,0.2
1257,Corinne Laframboise,8,5,0,162.6,125,65,1,37,3.16,68,1.89,47,3.16,100,33,0.0
1258,Noad Lahat,11,2,0,175.3,145,69,1,42,2.79,46,1.47,63,2.37,26,16,2.4
1259,Yohan Lainesse,9,3,0,185.4,170,76,1,34,2.22,41,3.38,58,0.94,28,72,0.5
1260,Ricardo Lamas,20,8,0,172.7,145,71,1,44,3.13,47,2.87,57,1.84,33,46,0.9
1261,Jason Lambert,26,13,0,190.5,185,75,1,51,3.21,58,1.84,50,1.35,36,28,2.4
1262,Nate Landwehr,18,8,0,175.3,155,72,1,38,5.55,45,5.96,51,0.73,41,71,0.7
1263,Austen Lane,13,8,0,198.1,205,80,1,38,2.70,50,2.45,39,1.50,28,33,0.0
1264,Lina Lansberg,10,8,0,170.2,135,65,1,44,2.69,55,3.87,44,0.52,27,47,0.1
1265,Taylor Lapilus,21,4,0,167.6,135,73,2,34,4.59,48,2.61,62,0.27,33,77,0.3
1266,Chad Laprise,13,4,0,177.8,170,71,1,40,4.78,42,3.59,65,1.05,54,78,0.0
1267,TJ Laramie,12,5,0,167.6,145,66,1,28,1.49,50,2.64,38,1.44,33,40,0.0
1268,Joseph Larcinese,6,1,0,160.0,125,64,1,28,3.96,47,5.62,51,1.19,28,50,0.0
1269,Lorenz Larkin,18,6,0,180.3,170,72,1,40,3.53,46,2.74,63,0.27,42,79,0.1
1270,Jeremy Larsen,8,5,0,177.8,145,70,1,42,4.87,48,5.75,57,2.49,33,0,0.0
1271,Brock Larson,42,10,0,180.3,170,71,2,49,1.39,46,1.50,55,2.67,34,43,2.0
1272,Bobby Lashley,15,2,0,190.5,255,78,1,50,3.10,63,0.76,63,11.47,70,0,0.0
1273,Ilir Latifi,17,9,0,177.8,230,73,1,44,2.05,45,2.93,56,2.11,35,100,0.3
1274,Phillip Latu,6,2,0,190.5,205,76,1,35,3.40,51,7.07,31,0.00,0,100,0.0
1275,Jenel Lausa,7,5,0,165.1,125,68,1,38,1.44,42,3.53,53,0.55,66,51,0.8
1276,Joe Lauzon,28,16,0,177.8,155,71,1,42,2.84,39,5.39,54,2.39,45,54,2.0
1277,Sandra Lavado,10,3,0,170.2,115,66,1,32,0.87,37,2.67,34,0.00,0,33,0.0
1278,Muhammed Lawal,21,6,0,182.9,205,78,2,45,3.79,52,1.61,66,5.96,75,87,0.0
1279,Robbie Lawler,30,16,0,180.3,170,74,2,44,3.85,47,4.67,59,0.65,64,65,0.0
1280,Tom Lawlor,10,6,0,182.9,205,74,2,43,2.50,42,2.41,60,2.46,32,57,1.4
1281,Justin Lawrence,10,4,0,172.7,145,67,1,36,3.84,35,2.83,67,0.72,28,73,0.0
1282,Lance Lawrence,4,1,0,185.4,145,74,1,33,5.87,50,9.80,24,1.00,100,50,0.0
1283,Ronnie Lawrence,8,2,0,172.7,135,68,3,34,2.78,56,1.75,52,6.75,77,45,0.2
1284,Jimmy Lawson,4,2,0,182.9,265,77,1,34,0.07,8,1.60,44,0.00,0,0,0.0
1285,Valmir Lazaro,15,5,0,182.9,155,73,1,41,4.87,37,4.09,61,1.33,40,96,0.0
1286,Zviad Lazishvili,13,1,0,167.6,135,69,1,34,4.20,39,6.13,51,0.00,0,0,0.0
1287,Mounir Lazzez,11,3,0,185.4,170,76,1,38,7.49,55,5.42,53,1.80,57,71,0.0
1288,Cung Le,9,3,0,175.3,185,70,2,54,4.36,48,2.98,66,1.37,71,88,0.3
1289,Thanh Le,6,1,0,175.3,145,74,1,41,1.97,40,1.82,70,0.00,0,100,0.0
1290,Quang Le,9,3,0,170.2,135,70,1,34,2.82,38,4.59,49,2.90,33,100,0.4
1291,Carlos Leal,23,7,0,180.3,170,74,1,32,8.75,47,7.78,48,0.43,11,90,0.0
1292,Jordan Leavitt,13,4,0,175.3,145,71,2,31,2.18,58,1.57,59,2.97,30,30,1.2
1293,Chris Leben,22,11,0,180.3,185,73,2,46,2.87,42,2.87,52,1.14,41,53,0.8
1294,Julien Leblanc,10,3,0,188.0,185,74,2,34,1.69,66,2.96,46,0.00,0,0,0.0
1295,Jean-Paul Lebosnoyani,11,2,0,180.3,170,72,3,27,4.14,46,4.05,57,2.89,42,100,1.9
1296,Mickael Lebout,16,7,1,180.3,155,73,1,39,2.60,34,2.98,54,0.00,0,60,0.0
1297,Justin Ledet,9,4,0,193.0,205,80,1,38,3.35,39,4.82,49,0.23,50,42,0.2
1298,Vaughan Lee,14,13,1,167.6,125,66,1,43,3.47,47,2.07,70,0.81,33,72,1.0
1299,Kevin Lee,18,8,0,175.3,170,77,1,34,3.88,42,3.60,50,3.18,43,75,0.8
1300,Andrea Lee,13,11,0,167.6,125,69,1,37,4.62,45,3.91,61,1.65,52,53,0.6
1301,JeongYeong Lee,11,3,0,177.8,145,73,1,30,3.38,49,3.82,50,0.63,66,72,0.3
1302,JungHyun Lee,8,1,0,165.1,125,65,1,24,4.27,39,6.20,38,0.00,0,64,0.0
1303,ChangHo Lee,11,2,0,172.7,135,69,1,32,3.88,66,2.13,37,3.20,34,40,0.3
1304,Macksom Lee,9,1,0,185.4,135,75,1,27,0.87,44,2.13,50,0.00,0,63,1.0
1305,YiSak Lee,8,2,0,182.9,185,72,1,26,2.73,40,5.73,47,0.00,0,0,0.0
1306,Cheyden Leialoha,6,0,0,172.7,135,73,1,32,1.87,28,3.20,53,2.00,33,71,0.0
1307,Claudia Leite,8,3,0,160.0,135,64,1,29,1.27,47,1.73,57,1.00,25,0,1.0
1308,Thales Leites,28,9,0,185.4,185,78,1,45,2.13,40,2.99,52,2.10,27,30,1.1
1309,Jovan Leka,14,2,0,193.0,263,75,1,24,1.96,70,0.98,50,0.86,100,55,0.9
1310,Amanda Lemos,15,7,1,162.6,115,65,2,39,2.84,55,3.22,44,0.93,57,63,0.7
1311,Giacomo Lemos,6,0,0,190.5,247,75,1,37,0.00,0,0.00,0,0.00,0,0,0.0
1312,Jesse Lennox,14,4,0,175.3,170,72,1,44,2.69,32,3.20,64,1.22,66,63,0.3
1313,Nik Lentz,30,12,2,172.7,145,68,1,42,3.44,47,3.25,50,3.30,32,43,1.2
1314,Victoria Leonardo,9,7,0,165.1,125,64,1,36,3.22,38,4.81,47,1.57,27,71,0.0
1315,Brock Lesnar,5,3,0,190.5,265,81,1,49,3.53,72,2.11,50,3.90,55,60,0.5
1316,Valerie Letourneau,8,6,0,170.2,115,68,1,43,4.51,37,5.40,58,0.77,45,66,0.3
1317,Leah Letson,5,3,0,170.2,145,71,2,34,3.06,41,3.84,52,0.51,50,76,0.0
1318,Marcus LeVesseur,22,7,0,175.3,155,70,2,44,2.55,64,3.70,37,3.89,36,83,0.6
1319,Natan Levy,8,2,0,175.3,155,71,2,35,3.70,52,3.19,58,5.03,58,41,0.5
1320,Derrick Lewis,29,14,0,190.5,260,79,1,41,2.41,48,2.79,38,0.53,25,51,0.0
1321,Bevon Lewis,7,3,0,190.5,185,79,1,35,3.73,43,2.67,54,0.00,0,66,0.0
1322,Brandon Lewis,6,2,0,162.6,135,70,1,29,2.17,29,3.63,53,1.00,15,20,0.0
1323,Malik Lewis,6,2,0,182.9,155,75,1,30,4.16,45,5.66,40,3.98,40,50,0.0
1324,Li Jingliang,19,9,0,182.9,170,71,1,38,4.46,42,3.95,56,1.19,41,60,0.0
1325,Li Yunfeng,9,5,0,172.7,135,68,1,27,0.53,29,2.55,35,0.00,0,50,0.0
1326,Liang Na,19,8,0,165.1,125,67,1,30,1.99,42,3.95,36,3.60,58,25,0.5
1327,Chuck Liddell,21,8,0,188.0,205,76,1,56,2.97,35,2.71,56,0.44,75,81,0.0
1328,Rodrigo Lidio,12,3,0,180.3,155,73,1,37,0.97,50,0.00,100,0.00,0,50,0.0
1329,Hyun Gyu Lim,13,7,1,190.5,170,77,1,41,4.45,41,5.07,51,0.23,100,73,0.2
1330,GwanWoo Lim,5,2,0,188.0,145,74,2,25,0.53,42,2.47,24,0.00,0,53,1.0
1331,Juliana Lima,9,5,0,165.1,115,65,1,44,1.94,44,2.11,55,1.72,31,70,0.0
1332,Dhiego Lima,17,9,0,188.0,170,75,1,37,3.12,39,3.88,58,1.26,34,73,0.6
1333,Andre Lima,12,1,0,170.2,125,67,1,27,3.89,57,2.83,59,0.96,60,76,1.0
1334,Felipe Lima,15,2,0,167.6,145,68,1,28,4.09,47,2.77,67,2.13,33,90,0.5
1335,Emiliano Linares,8,2,0,172.7,145,72,1,29,1.17,28,3.59,26,0.00,0,33,0.0
1336,Matt Lindland,22,9,0,182.9,185,74,2,56,2.62,50,1.56,52,3.01,48,60,1.3
1337,John Lineker,31,9,0,160.0,135,67,1,36,5.36,40,4.27,56,0.56,58,67,0.6
1338,Austin Lingo,9,3,0,177.8,145,70,1,32,3.86,37,4.86,57,0.43,66,75,0.0
1339,Philipe Lins,18,5,0,188.0,205,78,1,41,3.80,49,3.59,46,1.65,33,100,0.0
1340,Tainara Lisboa,7,4,0,170.2,135,67,1,35,2.01,44,2.88,45,1.67,31,53,0.3
1341,Dean Lister,13,7,0,185.4,185,75,1,50,1.26,35,1.89,61,1.58,15,50,1.1
1342,Liu Ce,4,1,0,190.5,205,77,1,30,13.31,71,6.32,50,0.00,0,100,0.0
1343,Adam Livingston,8,1,0,185.4,155,72,1,25,4.50,36,4.44,56,0.00,0,66,0.0
1344,James Llontop,14,5,0,182.9,155,73,1,27,5.57,41,4.12,57,0.00,0,54,0.0
1345,Artem Lobov,13,15,1,175.3,145,65,2,40,3.52,41,4.82,50,0.39,25,52,0.0
1346,Dylan Lockard,6,2,0,175.3,145,72,1,34,1.31,53,3.31,52,2.31,40,28,1.2
1347,Ryan Loder,8,3,0,188.0,185,76,2,35,5.10,69,2.46,50,1.37,14,100,1.4
1348,Christian Lohsen,4,2,0,188.0,155,77,2,31,5.27,49,6.93,44,0.00,0,0,2.0
1349,David Loiseau,23,11,0,182.9,185,76,1,46,1.59,44,3.64,43,0.43,42,36,0.1
1350,Hector Lombard,34,10,1,175.3,185,71,2,48,3.02,46,3.35,53,1.69,48,77,0.5
1351,Michael Lombardo,11,2,0,182.9,170,72,1,36,1.47,62,2.63,31,2.50,21,60,0.0
1352,Loma Lookboonmee,10,5,0,154.9,115,61,1,30,3.58,55,2.45,53,1.76,50,70,0.1
1353,Ange Loosa,10,5,0,177.8,170,74,1,33,5.46,46,6.59,52,2.53,39,83,0.2
1354,Diego Lopes,28,8,0,180.3,145,72,1,31,3.79,47,4.65,46,0.82,46,68,1.3
1355,Bruno Lopes,14,4,0,188.0,205,74,1,33,2.87,44,4.83,50,2.05,25,100,0.0
1356,Arthur Lopes,6,2,0,188.0,234,77,2,33,9.74,41,14.87,45,0.00,0,0,0.0
1357,Matthew Lopez,10,4,0,170.2,135,69,2,39,3.13,50,3.73,55,3.32,60,71,1.3
1358,Benito Lopez,10,2,0,177.8,135,73,3,32,4.39,45,5.18,56,0.00,0,73,0.3
1359,Gustavo Lopez,12,6,1,165.1,135,67,1,37,2.48,40,3.87,57,1.74,41,31,0.7
1360,Gabriel Lorenco,8,1,0,188.0,229,76,1,27,9.84,46,3.93,46,0.00,0,100,0.0
1361,Alik Lorenz,8,2,0,188.0,205,77,1,29,9.71,54,10.40,28,0.00,0,0,0.0
1362,Colton Loud,7,2,0,172.7,125,71,3,25,7.71,47,6.86,27,0.00,0,0,0.0
1363,Brendan Loughnane,17,3,0,177.8,145,70,3,36,6.23,63,6.70,53,1.50,30,92,0.0
1364,Caolan Loughran,10,2,0,167.6,135,68,1,30,4.73,42,5.20,52,3.00,34,87,0.0
1365,Joe Lowry,9,2,0,180.3,155,73,1,36,3.97,34,4.25,63,0.00,0,0,0.0
1366,Lu Kai,8,5,0,175.3,145,69,1,32,3.76,43,5.51,55,2.62,50,100,2.6
1367,Stephanie Luciano,8,2,1,167.6,115,65,1,26,5.25,42,3.29,63,1.47,66,80,0.5
1368,Iasmin Lucindo,18,6,0,160.0,115,66,1,24,3.22,45,2.80,62,2.28,55,68,0.1
1369,Duane Ludwig,21,14,0,177.8,170,70,1,48,4.62,44,3.05,57,0.43,25,59,0.1
1370,Lawrence Lui,8,2,0,170.2,135,72,1,30,3.96,41,3.56,63,4.57,39,100,0.0
1371,Juan Andres Luna,12,1,0,170.2,125,72,1,31,3.27,31,3.00,65,0.00,0,0,0.0
1372,Paula Luna,5,3,0,157.5,125,62,1,27,0.65,50,6.20,17,0.00,0,0,0.0
1373,Santiago Luna,8,1,0,175.3,135,74,1,22,4.74,53,2.76,67,2.30,71,57,0.9
1374,Dalcha Lungiambula,11,6,0,172.7,185,76,1,39,3.07,45,3.93,52,2.14,45,77,0.0
1375,Vicente Luque,24,13,1,180.3,185,75,1,34,4.69,50,5.19,51,0.83,46,60,0.7
1376,Travis Lutter,10,6,0,180.3,185,75,1,53,0.41,32,2.42,42,1.95,24,30,0.7
1377,Joilton Lutterbach,38,9,0,185.4,185,75,1,33,0.00,0,0.00,0,0.00,0,0,0.0
1378,Tucker Lutz,12,4,0,172.7,145,72,1,32,3.74,46,3.25,44,1.99,44,69,0.2
1379,Lv Zhenhong,16,6,0,172.7,145,67,3,33,0.00,0,0.00,0,0.00,0,0,0.0
1380,Chris Lytle,31,18,5,180.3,170,68,1,52,3.76,45,3.03,58,0.70,55,55,2.4
1381,Dong Hyun Ma,16,11,3,180.3,155,70,1,38,2.84,41,4.10,54,1.27,53,33,0.0
1382,Pawan Maan,7,3,1,170.2,155,70,1,40,0.89,44,2.98,43,0.00,0,0,0.0
1383,William Macario,9,3,0,180.3,170,75,1,35,4.92,54,3.96,65,1.85,45,78,0.0
1384,Jason MacDonald,25,16,0,190.5,185,80,1,51,1.55,52,2.70,46,1.43,16,35,2.0
1385,Rob MacDonald,5,4,0,190.5,205,78,1,48,1.80,50,2.04,46,7.19,80,80,5.4
1386,Rory MacDonald,19,4,0,182.9,170,76,1,37,3.75,42,2.80,62,1.77,47,88,0.4
1387,Ryan MacDonald,10,2,0,180.3,135,71,3,33,2.28,29,6.49,45,0.00,0,0,0.0
1388,Caio Machado,8,4,1,193.0,250,78,2,32,5.82,53,2.87,63,0.00,0,82,0.0
1389,Ian Machado Garry,17,2,0,190.5,170,74,1,28,4.29,53,2.59,52,0.80,31,71,0.3
1390,Lyoto Machida,24,8,0,185.4,185,74,2,48,2.59,53,1.57,61,1.21,65,75,0.4
1391,Pauline Macias,4,1,0,162.6,115,64,2,38,0.80,29,4.60,42,2.00,18,0,0.0
1392,Reza Madadi,14,6,0,180.3,155,73,1,48,2.51,46,3.31,66,3.17,33,89,0.5
1393,Don Madge,9,3,1,182.9,155,72,2,35,2.08,52,0.74,67,2.22,25,80,0.7
1394,Victor Madrigal,15,5,0,170.2,135,71,1,36,2.31,38,9.56,50,0.00,0,0,0.0
1395,Jon Madsen,8,2,0,182.9,240,72,1,46,2.46,41,1.18,81,1.32,71,70,0.0
1396,Mark Madsen,12,2,0,172.7,155,72,1,42,3.56,49,3.97,52,2.86,66,62,0.0
1397,Yoshiro Maeda,35,16,5,170.2,139,68,2,44,2.36,33,2.55,63,2.93,51,50,0.7
1398,Leonardo Mafra,13,4,0,177.8,155,70,1,37,4.55,48,4.38,43,2.12,83,69,0.4
1399,Vinny Magalhaes,14,9,0,190.5,205,75,1,42,2.14,24,3.97,68,1.55,44,66,0.8
1400,Caio Magalhaes,10,3,0,185.4,185,73,1,38,2.27,40,2.78,56,1.05,15,58,1.6
1401,Angela Magana,11,9,0,154.9,115,65,1,43,1.53,28,4.92,42,0.40,25,28,0.4
1402,Neil Magny,32,15,0,190.5,170,80,1,39,3.39,47,2.41,51,2.13,39,55,0.3
1403,Raimond Magomedaliev,10,2,0,185.4,170,75,1,36,4.07,41,4.75,41,0.00,0,0,0.0
1404,Rashid Magomedov,20,2,0,175.3,155,70,1,41,4.40,49,3.05,54,0.67,57,89,0.2
1405,Ruslan Magomedov,14,1,0,190.5,242,78,1,39,4.02,47,1.47,66,0.33,100,88,0.0
1406,Abus Magomedov,29,7,1,188.0,185,78,1,36,3.06,48,3.34,56,2.50,59,100,0.6
1407,Shara Magomedov,17,1,0,188.0,185,73,1,32,5.55,62,3.62,45,0.00,0,73,0.0
1408,Murtazali Magomedov,11,0,0,175.3,145,70,1,27,4.83,48,2.07,81,5.17,50,0,5.2
1409,Zabit Magomedsharipov,18,1,0,185.4,145,73,1,35,4.89,48,3.00,64,5.22,56,77,0.8
1410,John Maguire,24,9,0,175.3,155,69,2,43,1.41,41,2.44,65,2.80,46,77,1.1
1411,Maheshate,12,5,0,182.9,155,71,1,26,3.97,31,5.89,52,0.00,0,47,0.2
1412,Demian Maia,28,11,0,185.4,170,72,2,48,1.80,43,2.07,63,2.49,24,61,1.0
1413,Jennifer Maia,21,10,1,162.6,125,64,1,37,4.35,38,4.52,55,0.42,27,58,0.1
1414,Nayara Maia,7,1,1,165.1,125,66,1,36,0.60,36,3.33,43,1.00,33,0,1.0
1415,Yilizhati Maimaitijiang,7,1,1,193.0,185,77,1,27,1.47,52,0.87,48,4.00,66,53,0.0
1416,Levan Makashvili,15,2,1,172.7,145,68,1,37,2.87,54,2.07,61,3.67,42,85,0.0
1417,John Makdessi,18,9,0,172.7,155,68,1,41,5.52,49,4.15,68,0.00,0,86,0.0
1418,Islam Makhachev,29,1,0,177.8,170,70,2,34,2.27,58,1.42,61,3.22,54,91,0.9
1419,Zach Makovsky,20,8,0,162.6,125,64,2,43,1.94,43,2.24,62,3.71,30,56,0.3
1420,Azat Maksum,15,3,0,170.2,125,70,2,31,2.75,27,4.25,52,3.50,31,85,0.2
1421,Fabio Maldonado,23,11,0,185.4,205,75,1,46,5.29,58,4.31,53,0.44,57,61,0.6
1422,Bea Malecki,4,1,0,175.3,135,74,1,35,6.84,46,6.96,62,0.00,0,78,1.1
1423,Jacob Malkoun,10,3,0,175.3,185,73,1,31,4.23,56,2.33,55,5.39,42,55,0.8
1424,Mike Malott,14,2,1,185.4,170,73,1,34,4.02,48,3.09,56,1.63,50,57,0.7
1425,Nate Maness,16,3,0,177.8,125,72,1,35,3.14,50,3.88,42,0.68,75,80,0.7
1426,George Mangos,10,1,0,172.7,145,69,3,23,1.30,50,0.67,58,0.00,0,42,3.5
1427,Marnic Mann,6,3,0,152.4,115,64,2,33,1.47,41,5.08,31,1.90,33,25,0.4
1428,Dylan Mantello,8,4,0,185.4,155,73,1,33,4.69,62,4.76,55,0.00,0,76,0.0
1429,Jimi Manuwa,17,6,0,185.4,205,79,1,46,3.43,54,3.97,49,0.53,18,70,0.4
1430,Dom Mar Fan,9,3,0,180.3,155,75,1,26,3.43,56,2.31,44,1.84,50,62,0.3
1431,Cristiano Marcello,13,6,0,175.3,155,72,1,48,2.56,33,3.61,58,0.44,11,20,0.9
1432,Daniel Marcos,18,1,0,170.2,135,69,1,33,4.90,53,3.79,61,1.35,52,85,0.1
1433,Marcos Mariano,6,6,0,185.4,155,76,3,39,0.25,27,2.11,43,0.00,0,28,0.0
1434,Chepe Mariscal,18,7,0,170.2,145,69,1,33,4.14,55,2.66,52,2.34,39,59,0.2
1435,Ronny Markes,17,5,0,185.4,185,75,1,38,2.17,53,2.43,45,3.13,40,100,0.5
1436,Rory Markham,17,6,0,182.9,170,71,1,44,1.98,21,10.27,45,0.00,0,0,0.0
1437,Randa Markos,11,12,1,162.6,115,63,1,41,2.97,43,3.10,58,1.12,28,52,0.2
1438,Christina Marks,8,9,0,170.2,125,69,1,40,5.00,58,3.00,64,7.50,100,0,0.0
1439,Brendon Marotte,8,3,0,175.3,145,70,1,30,0.41,50,5.70,28,0.00,0,0,0.0
1440,Nate Marquardt,35,19,2,182.9,185,74,1,47,2.71,49,2.32,55,1.87,51,70,0.8
1441,Danilo Marques,11,4,0,198.1,205,77,1,40,1.44,79,2.52,52,3.93,28,0,0.8
1442,Julian Marquez,9,6,0,188.0,185,72,1,36,5.06,45,5.35,50,0.00,0,54,2.6
1443,Carmelo Marrero,16,6,0,182.9,205,73,1,45,0.84,34,2.04,54,3.21,36,36,0.9
1444,Eliot Marshall,10,4,0,188.0,205,77,1,46,1.93,27,2.39,67,0.47,33,79,0.9
1445,Francis Marshall,10,3,0,175.3,145,72,1,27,3.19,34,3.45,55,2.71,47,88,0.5
1446,Jack Marshman,23,10,0,182.9,185,73,1,36,2.74,25,4.19,56,0.00,0,20,0.0
1447,Terry Martin,23,11,0,172.7,185,71,1,45,2.82,43,3.13,54,3.10,42,92,0.0
1448,Anthony Rocco Martin,17,6,0,182.9,170,73,1,36,2.68,37,2.59,58,0.71,27,68,1.0
1449,Mallory Martin,7,5,0,162.6,115,63,1,32,4.42,48,6.64,55,2.28,43,25,0.3
1450,Adrian Luna Martinetti,17,2,0,172.7,135,71,1,31,8.80,58,9.30,47,2.00,33,100,0.0
1451,Danny Martinez,21,8,0,167.6,125,67,1,41,2.73,28,3.77,63,3.00,45,36,0.0
1452,Henry Martinez,9,4,0,170.2,155,69,2,43,2.79,25,4.01,60,0.00,0,80,0.0
1453,Jonathan Martinez,19,6,0,172.7,135,70,2,32,4.44,49,4.09,56,0.38,35,68,0.1
1454,Mana Martinez,10,4,0,177.8,135,70,1,30,4.33,48,4.94,50,0.72,42,25,0.5
1455,Victor Martinez,13,7,0,170.2,155,70,1,35,7.53,51,7.75,52,0.67,33,80,0.0
1456,Roque Martinez,15,8,2,177.8,250,72,1,40,3.28,53,4.90,56,0.38,50,53,0.4
1457,Melissa Martinez,8,2,0,157.5,115,66,2,29,3.78,47,5.21,53,0.35,50,50,0.0
1458,Julieta Martinez,8,0,0,154.9,115,62,1,22,2.53,44,3.60,41,5.00,45,100,0.0
1459,David Martinez,15,1,0,165.1,135,67,1,28,4.50,44,2.65,71,0.70,33,100,0.0
1460,Adriano Martins,28,9,0,177.8,155,72,2,43,1.80,38,2.14,65,0.83,80,81,0.4
1461,Lucas Martins,19,3,0,182.9,145,72,2,37,2.87,35,4.14,60,0.00,0,76,0.5
1462,Bristol Marunde,16,10,0,185.4,170,75,1,44,1.42,21,4.40,47,1.60,33,14,0.0
1463,Kazuma Maruyama,11,7,0,180.3,155,72,1,34,3.83,41,2.23,53,4.79,33,100,0.0
1464,Islem Masraf,3,1,0,182.9,205,74,2,30,0.68,20,3.88,15,0.00,0,100,0.0
1465,Mike Massenzio,13,9,0,188.0,185,73,2,43,2.08,45,3.59,54,2.74,24,50,1.4
1466,Jameel Massouh,26,9,0,177.8,145,72,1,42,1.91,54,2.62,55,0.67,15,50,0.7
1467,Tiffany Masters,2,1,0,160.0,115,65,1,32,3.53,62,2.58,50,3.06,60,0,0.0
1468,Jorge Masvidal,35,17,0,180.3,170,74,1,41,4.05,47,3.05,64,1.38,59,72,0.3
1469,Al Matavao,8,3,0,172.7,205,67,1,32,7.84,46,6.70,58,0.00,0,0,0.0
1470,Arisa Matsuda,8,1,0,160.0,115,64,1,31,1.83,51,2.67,52,1.50,37,0,0.5
1471,Toki Matsui,6,1,0,167.6,125,65,1,27,0.00,0,0.00,0,0.00,0,0,0.0
1472,Jean Matsumoto,18,2,0,167.6,135,68,1,27,5.35,38,5.29,49,2.85,42,56,0.5
1473,Koyomi Matsushima,13,6,0,170.2,145,66,1,33,2.70,47,2.83,59,9.00,52,33,0.0
1474,Jake Matthews,23,8,0,180.3,170,73,1,32,3.36,44,2.58,60,1.36,41,66,0.7
1475,Connor Matthews,7,4,0,172.7,145,71,3,34,4.82,43,6.06,55,3.24,55,46,0.7
1476,Vladimir Matyushenko,27,8,0,182.9,205,74,1,55,1.90,44,1.62,59,3.25,46,70,0.1
1477,Miranda Maverick,17,6,0,160.0,125,65,2,29,3.22,44,2.25,61,2.16,40,45,0.4
1478,Nick Maximov,8,2,0,182.9,185,76,2,28,1.93,45,2.64,46,4.16,45,35,0.2
1479,Don'Tale Mayes,11,9,0,198.1,260,81,1,34,3.22,43,3.61,46,0.59,38,46,0.0
1480,Gray Maynard,13,7,1,175.3,155,70,1,47,1.92,32,2.64,66,2.91,47,81,0.7
1481,Gina Mazany,7,6,0,167.6,125,68,2,38,3.73,50,3.52,50,4.34,52,33,0.2
1482,Sabina Mazo,9,4,0,170.2,125,70,1,29,6.10,43,4.35,57,0.65,80,59,0.2
1483,Francesco Mazzeo,4,1,0,190.5,205,75,1,29,1.83,44,0.75,65,3.23,50,0,0.0
1484,Ian McCall,13,5,1,165.1,125,64,1,42,3.59,39,3.25,67,2.08,30,88,0.0
1485,Molly McCann,14,8,0,162.6,115,62,1,36,5.28,49,4.65,62,1.78,36,38,0.5
1486,Charles McCarthy,10,5,0,177.8,185,71,1,46,0.18,12,4.03,56,2.67,60,0,2.7
1487,Eric McConico,11,5,1,182.9,185,77,2,36,2.95,46,3.18,47,0.61,66,68,0.0
1488,Sean McCorkle,17,7,0,200.7,265,81,1,50,0.85,44,2.48,52,2.12,40,33,4.2
1489,Danni McCormack,9,2,0,162.6,125,62,2,36,6.93,51,4.53,60,6.00,42,50,2.0
1490,Paddy McCorry,7,1,0,190.5,185,73,3,28,6.20,55,2.47,53,1.00,50,0,0.0
1491,Liam McCracken,8,2,0,175.3,155,71,1,25,3.46,48,4.56,51,1.18,33,69,0.0
1492,Kris McCray,8,5,0,182.9,170,76,1,45,2.69,45,2.57,54,2.88,55,38,0.0
1493,Tamdan McCrory,14,5,0,193.0,185,76,3,39,2.07,49,1.60,46,2.28,50,33,2.5
1494,Rob McCullough,19,8,0,175.3,155,69,1,49,2.47,36,2.84,59,0.46,100,68,0.0
1495,Justin McCully,11,5,2,185.4,225,73,1,50,1.58,37,2.02,46,1.28,44,43,0.0
1496,Robert McDaniel,28,10,0,190.5,185,75,2,43,1.64,44,1.98,56,0.93,50,50,1.4
1497,Michael McDonald,17,4,0,175.3,135,70,1,35,2.69,42,2.76,57,1.09,66,52,1.4
1498,Drew McFedries,12,7,0,182.9,185,72,2,48,5.13,51,4.56,52,1.42,100,56,0.7
1499,Court McGee,23,14,0,180.3,170,75,1,41,4.50,36,3.65,60,1.78,24,70,0.5
1500,Marcus McGhee,11,2,0,172.7,135,69,1,36,5.44,43,3.64,56,0.24,11,90,0.2
1501,Conor McGregor,22,7,0,175.3,155,74,2,38,5.27,49,4.71,53,0.66,55,66,0.1
1502,Rhys McKee,14,7,1,188.0,170,78,1,31,4.71,40,7.15,47,0.00,0,47,0.0
1503,Cory McKenna,8,4,0,160.0,115,58,1,27,2.94,38,3.68,46,2.00,47,75,0.4
1504,Tim McKenzie,14,9,0,182.9,185,74,1,44,1.37,54,2.96,44,0.00,0,28,2.1
1505,Cody McKenzie,16,10,0,182.9,155,72,3,38,1.74,34,2.50,67,2.50,25,14,2.5
1506,Terrance McKinney,18,9,0,177.8,155,73,3,32,6.83,55,4.07,42,3.27,42,72,1.8
1507,Garreth McLellan,13,6,0,185.4,185,72,2,44,3.56,54,2.94,45,1.15,22,34,0.9
1508,Sara McMann,13,6,0,167.6,135,66,1,46,2.26,46,1.92,47,4.38,65,50,0.5
1509,Tommy McMillen,12,0,0,182.9,145,74,1,28,11.13,47,5.06,58,1.58,83,78,0.9
1510,James McSweeney,15,15,0,193.0,230,77,3,45,3.94,55,4.33,42,0.52,33,100,1.1
1511,Jackson McVey,8,2,0,193.0,185,77,2,27,7.14,61,3.96,32,0.00,0,0,0.9
1512,Tim Means,33,17,1,188.0,170,75,1,42,5.04,49,3.65,60,1.14,40,64,0.2
1513,Yancy Medeiros,15,8,0,177.8,155,75,1,39,4.36,37,5.67,47,0.33,50,73,0.7
1514,MarQuel Mederos,12,1,1,177.8,155,69,1,29,5.94,60,5.21,51,0.21,6,80,0.0
1515,Uros Medic,14,3,0,185.4,170,71,2,33,5.77,60,3.40,56,0.34,50,55,0.0
1516,Emil Meek,9,5,1,180.3,170,74,3,38,2.52,39,2.53,38,0.25,33,47,1.0
1517,Sanford Alton Meeks,1,1,0,195.6,265,75,1,32,0.71,42,4.47,38,7.06,25,0,0.0
1518,Gerald Meerschaert,37,22,0,185.4,205,77,2,38,2.95,45,3.44,53,1.70,29,40,1.5
1519,Jordan Mein,31,12,0,182.9,170,73,1,36,3.35,44,2.55,69,1.56,58,66,0.2
1520,Gilbert Melendez,22,8,0,175.3,145,73,1,44,3.44,33,2.53,63,1.64,41,71,0.2
1521,Anna Melisano,6,2,0,162.6,125,68,1,29,0.49,33,1.23,28,0.00,0,50,0.0
1522,Vanessa Melo,11,8,0,165.1,135,65,1,38,3.48,30,6.13,59,0.00,0,71,0.0
1523,Antonio Mendes,18,13,0,190.5,205,77,2,45,1.34,47,6.85,22,2.51,50,100,0.0
1524,Chad Mendes,18,5,0,167.6,145,66,1,41,2.78,49,2.35,67,4.13,55,100,0.3
1525,Augusto Mendes,6,2,0,167.6,135,65,1,43,2.42,34,3.91,56,1.75,33,80,0.0
1526,Mateus Mendonca,10,3,0,167.6,125,71,1,27,1.66,40,4.14,30,2.54,27,55,0.4
1527,Meng Bo,24,8,0,162.6,115,62,1,30,2.97,48,1.90,63,3.50,87,72,0.5
1528,Pietro Menga,13,0,0,170.2,125,68,2,38,0.00,0,0.00,0,0.00,0,0,0.0
1529,Alonzo Menifield,19,6,1,182.9,205,76,1,38,3.87,51,3.86,50,0.53,28,77,0.2
1530,Ivan Menjivar,25,12,0,167.6,145,64,1,44,2.78,37,2.76,65,0.56,28,38,1.0
1531,Bia Mesquita,8,0,0,162.6,135,67,1,35,4.52,57,1.27,71,3.57,75,0,3.6
1532,Yaotzin Meza,21,11,0,175.3,145,71,1,45,1.43,41,1.62,64,1.06,20,18,1.4
1533,David Mgoyan,7,1,0,175.3,145,70,1,22,5.67,44,7.53,48,2.00,16,100,1.0
1534,Jonathan Micallef,10,1,0,182.9,170,77,2,27,3.85,43,3.64,56,1.08,42,66,0.7
1535,Andreas Michailidis,13,6,0,182.9,170,76,1,38,2.90,51,3.57,44,1.12,27,50,0.0
1536,Zachary Micklewright,15,3,0,182.9,155,74,2,50,5.56,53,4.72,54,0.70,12,100,0.0
1537,Bojan Mihajlovic,10,6,0,180.3,205,73,1,46,1.23,35,5.95,47,0.00,0,33,0.0
1538,Curtis Millender,17,5,0,188.0,170,76,1,38,3.86,46,2.95,61,0.43,100,57,0.0
1539,Dan Miller,14,8,0,185.4,185,74,1,45,2.03,36,3.06,49,1.67,54,47,1.8
1540,Jim Miller,39,19,0,172.7,155,71,2,43,2.92,42,3.43,56,1.49,45,47,1.7
1541,Cole Miller,21,11,0,185.4,145,73,1,42,3.00,33,3.88,59,0.60,36,38,1.8
1542,Mo Miller,6,0,0,172.7,135,72,1,34,1.87,45,1.33,60,4.00,80,0,0.0
1543,Juliana Miller,6,4,0,170.2,125,66,1,30,2.74,41,3.84,45,2.38,31,44,1.3
1544,Ty Miller,8,0,0,188.0,170,77,1,26,9.13,46,3.90,63,0.00,0,91,0.0
1545,Trent Miller,10,3,0,177.8,185,72,1,30,2.13,32,5.94,47,3.36,50,0,1.7
1546,Che Mills,16,10,0,185.4,170,76,1,44,2.08,52,2.87,43,1.18,66,58,0.0
1547,Nina Milosevic,9,1,0,165.1,135,67,1,30,5.70,53,3.53,72,0.00,0,100,0.0
1548,Adam Milstead,8,4,0,190.5,205,76,1,39,3.85,46,4.79,43,0.00,0,64,0.0
1549,Alberto Mina,13,1,0,182.9,170,77,1,44,3.23,38,3.70,47,1.85,20,50,0.0
1550,Yunosuke Minami,6,1,0,165.1,135,65,1,26,1.45,52,5.38,36,0.00,0,53,0.0
1551,Artur Minev,7,1,0,175.3,155,69,1,23,1.02,61,3.57,26,0.00,0,64,0.0
1552,Mario Mingaj,7,1,0,190.5,185,78,1,27,1.62,33,6.49,52,0.00,0,0,0.0
1553,Darrick Minner,26,14,0,170.2,145,69,1,36,2.63,65,2.28,35,2.40,72,66,2.7
1554,Carlton Minus,10,3,0,177.8,170,75,1,33,3.50,40,4.97,50,0.00,0,58,0.0
1555,Stipe Miocic,20,5,0,193.0,240,80,1,44,4.67,52,4.01,52,1.74,34,65,0.0
1556,Frank Mir,18,11,0,190.5,264,79,2,47,2.18,47,3.84,38,2.02,40,54,2.0
1557,Bella Mir,4,1,0,170.2,135,66,2,23,2.00,38,3.20,61,1.00,16,0,0.0
1558,Mario Miranda,14,7,0,190.5,185,74,1,47,1.96,54,2.46,36,1.02,60,54,0.0
1559,Vitor Miranda,12,5,0,185.4,185,77,1,47,2.98,45,2.95,58,0.95,55,50,0.2
1560,Gabriel Miranda,17,8,0,180.3,145,71,1,36,3.23,43,6.01,37,4.75,38,0,1.9
1561,Alexis Miranda,9,3,0,185.4,170,74,1,27,3.70,37,7.65,31,0.00,0,16,0.0
1562,Richie Miranda,13,2,0,172.7,155,75,2,32,3.07,38,4.47,43,1.00,11,0,0.0
1563,David Mitchell,22,7,0,182.9,170,75,1,46,1.74,32,2.06,55,0.66,50,29,2.0
1564,Bryce Mitchell,19,4,0,177.8,135,70,2,31,2.19,59,1.51,58,3.12,36,38,1.3
1565,Terrence Mitchell,14,4,0,177.8,135,74,1,36,2.21,34,8.85,41,3.69,50,0,0.0
1566,Matt Mitrione,12,5,0,190.5,265,82,3,48,3.55,50,2.79,64,0.00,0,55,0.7
1567,Hiromitsu Miura,12,7,0,175.3,170,71,1,45,2.12,34,2.12,58,2.23,50,69,0.6
1568,Patchy Mix,20,3,0,180.3,135,70,2,33,5.30,43,7.30,43,2.50,62,0,0.0
1569,Ryuho Miyaguchi,7,1,0,177.8,135,68,1,28,4.56,60,6.78,45,0.00,0,53,0.0
1570,Takeya Mizugaki,21,11,2,170.2,135,69,1,42,3.37,37,3.27,57,1.46,57,70,0.1
1571,Mizuki,16,6,0,160.0,115,65,1,32,4.45,52,4.65,49,0.75,33,80,0.0
1572,Roxanne Modafferi,25,21,0,170.2,125,69,1,44,3.35,30,5.70,51,1.35,23,30,0.1
1573,Bobby Moffett,13,5,0,177.8,145,73,1,36,3.41,39,3.15,61,2.74,66,66,1.4
1574,Nate Mohr,9,7,0,175.3,155,72,1,43,3.79,41,2.50,74,0.45,50,71,0.0
1575,Renato Moicano,21,7,1,180.3,155,72,1,37,4.10,49,3.55,59,1.68,40,64,0.6
1576,Thiago Moises,19,10,0,175.3,155,70,1,31,2.52,42,4.40,52,1.37,29,52,1.1
1577,Muhammad Mokaev,13,0,0,170.2,125,70,1,26,1.61,45,1.35,57,5.29,41,25,0.8
1578,Ashkan Mokhtarian,13,3,0,167.6,125,67,2,41,1.95,43,3.66,43,0.54,16,33,0.0
1579,Suman Mokhtarian,8,5,0,172.7,145,72,1,34,2.21,43,6.85,48,0.00,0,0,0.0
1580,Jeff Molina,11,2,0,167.6,125,69,1,29,7.25,48,5.04,55,0.00,0,66,0.0
1581,Jeff Monson,60,26,1,175.3,247,74,1,55,0.97,30,2.87,59,1.06,12,66,0.7
1582,Darrell Montague,13,5,0,167.6,125,67,2,38,1.92,25,5.38,52,0.72,25,33,1.4
1583,Michelle Montague,8,0,0,175.3,135,68,2,32,2.77,48,2.47,41,3.50,53,0,0.0
1584,Jose Montanha,7,1,0,193.0,259,76,1,30,1.09,28,1.64,25,8.18,50,100,8.2
1585,Augusto Montano,15,3,0,185.4,170,73,1,41,3.46,46,2.66,56,0.00,0,66,0.0
1586,Erick Montano,7,5,0,182.9,170,73,1,40,2.79,44,2.06,64,2.29,36,66,0.0
1587,Nicco Montano,5,3,0,165.1,135,65,2,37,5.60,41,4.43,64,2.25,54,69,0.4
1588,Antonio Monteiro,18,6,1,170.2,145,70,1,31,2.57,41,6.43,28,0.50,33,65,1.0
1589,Sofia Montenegro,6,3,0,167.6,115,67,1,27,5.58,38,9.48,44,0.62,25,100,0.0
1590,Alberto Montes,12,2,0,170.2,145,69,1,32,4.70,48,11.61,52,0.00,0,77,3.4
1591,James Moontasri,9,5,0,177.8,170,71,3,38,2.39,48,3.86,40,0.00,0,79,0.2
1592,Todd Moore,16,7,0,175.3,170,71,2,42,1.83,26,2.30,57,0.78,14,54,0.0
1593,Taylor Moore,10,5,0,177.8,135,70,2,32,0.20,75,2.07,42,0.00,0,25,0.0
1594,Sergio Moraes,14,6,1,182.9,170,72,1,44,2.42,42,3.73,59,1.20,38,75,0.4
1595,Marlon Moraes,23,10,1,167.6,135,67,1,38,3.37,40,4.53,54,0.87,41,46,0.3
1596,Sheymon Moraes,11,4,0,172.7,145,72,1,35,3.00,42,3.64,63,0.00,0,53,0.0
1597,John Moraga,19,7,0,167.6,125,66,1,42,2.57,43,2.55,56,0.62,23,44,1.1
1598,Albert Morales,7,4,1,175.3,135,72,1,35,3.81,35,3.96,56,0.91,35,70,0.2
1599,Joseph Morales,15,3,0,167.6,125,69,3,32,2.75,39,2.72,60,1.10,26,23,2.2
1600,Vince Morales,16,11,0,170.2,135,70,1,35,3.54,37,3.91,54,0.71,47,63,0.5
1601,Omar Morales,11,4,0,180.3,155,73,1,40,3.42,40,3.18,58,0.46,100,63,0.0
1602,Michael Morales,19,0,0,182.9,170,79,1,27,5.68,49,3.26,53,1.04,41,89,0.0
1603,Paris Moran,14,4,0,172.7,125,68,2,30,0.51,25,1.95,32,1.54,100,50,0.0
1604,Sarah Moras,6,8,0,170.2,135,67,1,38,2.28,34,3.58,50,0.67,21,33,0.8
1605,Christian Morecraft,8,3,0,198.1,260,81,1,40,2.82,34,2.46,46,3.26,66,50,2.2
1606,Vinicius Moreira,9,5,0,193.0,205,76,1,37,3.15,59,5.07,43,1.97,18,0,1.3
1607,Brandon Moreno,24,10,2,170.2,125,70,1,32,3.86,43,3.69,59,1.39,41,67,0.4
1608,Isaac Moreno,9,0,0,177.8,170,73,1,29,4.40,44,1.47,51,0.00,0,33,1.0
1609,Dan Moret,13,6,0,182.9,155,73,2,39,2.67,43,3.56,43,1.25,27,45,0.4
1610,Alexander Morgan,11,5,0,177.8,145,71,1,35,3.71,44,2.78,47,0.00,0,0,0.0
1611,Alex Morono,24,13,0,180.3,170,72,1,36,4.90,39,4.88,55,0.32,24,47,0.3
1612,Maryna Moroz,11,6,0,170.2,125,67,1,35,4.42,33,4.89,51,0.70,24,42,0.6
1613,Sergey Morozov,19,5,0,167.6,135,67,1,37,3.01,43,2.97,61,3.63,31,68,0.0
1614,Carlos Mota,8,2,0,162.6,125,69,1,31,0.80,41,1.13,54,0.00,0,50,1.0
1615,Miki Motono,8,5,0,157.5,115,63,2,32,1.27,27,4.20,57,3.00,30,0,1.0
1616,Nikolas Motta,15,6,0,175.3,155,70,1,33,4.13,38,5.28,52,0.00,0,83,0.0
1617,Eduarda Moura,12,3,0,167.6,125,67,1,32,2.49,37,2.40,58,3.42,34,80,0.6
1618,Gegard Mousasi,42,6,2,188.0,185,76,1,41,3.75,50,1.21,68,1.59,60,59,1.1
1619,Kris Moutinho,14,8,0,170.2,135,68,2,34,3.35,33,9.36,30,0.00,0,30,0.0
1620,Jamie Moyle,4,3,0,154.9,115,65,1,37,4.51,51,4.00,65,1.00,21,50,0.0
1621,Askar Mozharov,19,13,0,190.5,205,74,1,31,0.43,18,4.07,13,0.00,0,33,0.0
1622,Lauren Mueller,5,3,0,165.1,125,67,1,34,4.08,41,3.77,58,0.70,50,71,0.0
1623,Belal Muhammad,24,6,0,180.3,170,72,1,38,4.36,42,3.92,55,1.98,35,90,0.1
1624,James Mulheron,11,2,0,177.8,243,73,1,38,2.40,31,3.47,42,0.00,0,25,0.0
1625,Jamie Mullarkey,18,9,0,182.9,155,74,1,32,4.10,46,4.28,54,2.46,30,70,0.1
1626,Melissa Mullins,7,3,0,170.2,135,68,1,35,3.67,49,4.15,53,2.20,46,85,0.0
1627,Ananias Mulumba,10,4,0,167.6,145,70,3,28,4.44,43,4.72,52,0.00,0,66,0.7
1628,Pedro Munhoz,20,10,0,167.6,135,65,1,40,5.38,41,6.29,55,0.48,16,82,0.5
1629,Andre Muniz,24,8,0,185.4,185,78,2,36,2.08,48,2.46,51,3.98,48,35,1.1
1630,Mark Munoz,14,6,0,182.9,185,71,1,48,3.12,51,2.26,57,3.17,29,57,0.6
1631,Alexander Munoz,7,2,0,175.3,155,72,3,36,3.70,42,4.73,55,3.00,40,100,0.0
1632,Johnny Munoz,12,4,0,175.3,135,71,1,33,2.44,36,2.66,55,2.40,25,45,1.8
1633,Olivier Murad,6,0,0,177.8,145,72,2,32,2.60,36,2.20,61,1.00,100,55,0.0
1634,Makhmud Muradov,26,8,0,188.0,185,75,1,36,4.21,43,2.57,61,3.03,66,77,0.2
1635,Kanako Murata,12,3,0,154.9,115,62,1,33,2.15,56,2.40,53,3.38,56,100,0.8
1636,Kasib Murdoch,8,1,0,162.6,135,65,1,25,4.17,59,1.98,48,5.74,33,0,1.0
1637,Vince Murdock,12,4,0,167.6,145,64,1,35,1.21,21,7.17,40,0.00,0,0,0.0
1638,Samandar Murodov,11,0,0,185.4,170,75,1,27,1.50,75,0.50,44,6.01,66,0,1.5
1639,Lauren Murphy,16,7,0,165.1,125,67,1,43,3.94,38,5.19,56,1.09,24,67,0.2
1640,Lerone Murphy,17,1,1,175.3,145,73,1,35,4.34,51,2.65,60,1.20,54,44,0.5
1641,Jesse Murray,8,4,0,190.5,205,78,1,33,2.38,28,7.72,43,0.00,0,0,0.0
1642,Khalid Murtazaliev,14,2,0,182.9,185,76,1,33,4.80,69,0.40,78,7.50,100,33,0.0
1643,Azamat Murzakanov,16,1,0,177.8,205,71,2,37,4.40,56,3.20,56,0.68,20,88,0.2
1644,Josias Musasa,8,2,0,172.7,135,74,2,27,3.19,45,4.39,36,0.90,50,81,0.5
1645,Tofiq Musayev,24,6,0,175.3,155,69,1,36,2.86,43,2.79,48,1.57,50,57,0.0
1646,Nicholas Musoke,13,5,0,182.9,170,75,1,40,3.56,35,3.80,57,1.16,19,82,0.2
1647,Magomed Mustafaev,14,4,0,172.7,155,71,1,38,2.59,58,2.68,41,3.31,50,23,0.4
1648,Elvis Mutapcic,15,6,1,182.9,185,72,1,40,3.41,40,4.27,38,0.00,0,81,0.0
1649,Muhammad Naimov,13,5,0,175.3,145,70,1,32,2.48,39,3.44,44,1.45,30,68,0.2
1650,Yura Naito,6,1,0,182.9,185,74,1,30,1.22,44,5.33,28,1.67,9,0,0.0
1651,Kazuhiro Nakamura,21,13,0,180.3,205,70,1,47,1.56,37,1.83,59,1.73,36,42,0.6
1652,Keita Nakamura,34,10,2,180.3,170,73,2,42,2.23,36,3.20,58,1.65,48,63,0.3
1653,Rinya Nakamura,10,2,0,170.2,135,68,2,31,3.25,51,1.89,61,2.44,58,100,1.2
1654,Keiichiro Nakamura,8,1,0,177.8,145,70,2,27,4.48,41,4.28,63,0.00,0,78,0.0
1655,Tokitaka Nakanishi,12,4,0,167.6,135,66,1,30,1.10,44,1.57,45,3.00,37,0,0.0
1656,Mandel Nallo,14,4,0,182.9,155,75,1,37,8.26,58,5.03,54,0.00,0,100,0.0
1657,Tyson Nam,21,14,1,170.2,125,68,1,42,3.87,33,4.97,65,0.00,0,87,0.0
1658,Rose Namajunas,15,8,0,165.1,125,65,1,34,3.50,41,3.38,63,1.47,48,62,0.3
1659,Nad Narimani,12,4,0,172.7,145,70,1,39,3.33,42,3.00,58,1.92,41,70,0.0
1660,Allan Nascimento,22,7,0,172.7,125,69,1,35,3.20,51,2.53,53,1.04,20,41,0.9
1661,Rodrigo Nascimento,11,3,0,188.0,246,80,1,33,3.71,47,4.34,44,1.02,37,60,0.5
1662,Jefferson Nascimento,13,1,0,172.7,155,70,1,27,2.42,48,2.56,57,0.00,0,66,0.0
1663,Bobby Nash,8,4,0,182.9,170,74,1,36,3.42,37,3.95,51,2.37,33,100,1.6
1664,Nasrudin Nasrudinov,9,1,0,182.9,205,71,1,34,1.03,87,0.29,75,2.20,50,40,0.0
1665,Rafael Natal,21,9,1,182.9,185,77,1,43,3.10,47,2.48,57,2.55,34,77,0.5
1666,Kevin Natividad,9,4,0,167.6,135,70,1,33,2.68,34,4.29,47,3.66,50,83,0.0
1667,Christian Natividad,10,0,0,162.6,125,67,1,29,6.86,72,7.71,52,0.00,0,0,0.0
1668,Ismail Naurdiev,25,8,0,177.8,185,74,1,30,3.66,52,1.75,64,1.48,40,73,0.2
1669,Tafon Nchukwi,6,4,0,182.9,185,77,1,31,5.57,52,4.11,54,0.76,57,64,0.0
1670,Dustin Neace,25,21,1,175.3,145,69,3,40,2.08,32,2.66,56,0.00,0,0,1.7
1671,Geoff Neal,16,8,0,180.3,170,75,2,36,5.02,50,5.50,57,0.54,45,87,0.1
1672,Stanislav Nedkov,12,2,0,180.3,205,71,1,44,3.33,43,5.39,43,2.77,41,0,0.0
1673,Josh Neer,36,16,1,180.3,170,72,1,43,3.29,46,3.63,58,1.09,34,46,1.3
1674,Nicolae Negumereanu,13,2,0,182.9,205,78,1,32,3.58,41,5.56,39,1.02,28,62,0.0
1675,Shane Nelson,16,7,0,175.3,155,70,2,41,1.38,31,2.84,61,1.31,18,54,1.6
1676,Roy Nelson,22,14,0,182.9,263,73,1,50,2.18,36,4.79,46,1.14,27,65,0.1
1677,Gunnar Nelson,19,6,1,180.3,170,72,3,38,1.77,61,3.06,48,2.00,52,68,1.0
1678,Kyle Nelson,17,7,1,180.3,155,71,3,35,3.60,45,4.58,53,1.18,23,66,0.5
1679,Cam Nelson,8,1,0,180.3,170,72,1,28,2.73,58,2.60,50,4.00,36,100,0.0
1680,Antonio Braga Neto,9,3,0,190.5,185,77,1,38,1.36,33,3.92,45,3.07,37,0,0.5
1681,Eduardo Neves,7,2,0,188.0,263,78,1,26,7.69,65,6.15,55,5.77,66,0,0.0
1682,Journey Newson,10,5,0,165.1,135,67,1,37,2.64,32,2.57,64,0.56,16,43,0.3
1683,Francis Ngannou,17,3,0,193.0,250,83,1,40,2.33,41,2.16,41,0.76,62,71,0.3
1684,Nghiem Van Y,6,2,0,170.2,135,68,1,27,3.84,54,1.83,71,0.00,0,90,0.0
1685,Ben Nguyen,16,8,0,165.1,125,65,3,38,3.51,40,3.01,59,0.25,33,63,1.0
1686,Steven Nguyen,10,2,0,180.3,145,73,3,33,7.47,42,7.10,60,0.24,100,88,0.0
1687,Alex Nicholson,7,4,0,193.0,185,77,1,36,4.12,43,4.65,47,0.00,0,50,0.5
1688,Bo Nickal,9,1,0,185.4,185,76,2,30,3.36,61,1.93,60,3.12,57,100,2.3
1689,Matheus Nicolau,19,6,1,167.6,125,66,1,33,3.31,51,2.98,65,1.22,43,90,0.8
1690,Stewart Nicoll,8,4,0,165.1,125,65,1,31,3.01,37,4.81,54,2.82,22,33,0.0
1691,Tom Niinimaki,22,8,1,175.3,145,69,1,44,1.91,54,2.31,58,2.97,46,33,0.5
1692,Ramsey Nijem,9,6,0,180.3,155,75,1,38,3.05,44,1.62,62,5.32,62,55,1.1
1693,Borislav Nikolic,17,2,0,175.3,135,72,1,33,3.80,38,2.80,58,1.00,100,62,2.0
1694,Guangyou Ning,5,4,1,162.6,145,64,2,44,2.66,41,1.91,61,1.09,50,62,0.3
1695,Anthony Njokuani,16,12,0,185.4,155,75,1,46,3.94,46,2.41,65,0.50,45,53,0.2
1696,Chidi Njokuani,26,12,0,190.5,170,80,1,37,5.78,62,3.51,57,0.00,0,75,0.1
1697,Antonio Rodrigo Nogueira,34,10,1,190.5,240,77,1,50,1.95,42,2.40,55,1.30,29,36,2.4
1698,Rogerio Nogueira,23,10,0,188.0,205,75,2,50,2.43,35,2.34,59,0.64,44,62,0.8
1699,Kyle Noke,22,10,1,185.4,170,76,2,46,3.23,50,2.09,64,1.53,54,66,0.8
1700,Tom Nolan,11,1,0,190.5,155,73,2,26,4.84,45,3.74,48,1.08,26,58,1.4
1701,Eric Nolan,8,5,0,188.0,170,74,1,29,1.68,34,2.59,44,0.00,0,44,0.0
1702,KJ Noons,13,9,0,177.8,155,70,1,43,3.68,35,3.78,65,0.08,20,68,0.0
1703,Sage Northcutt,11,2,0,182.9,170,71,1,30,3.58,52,1.96,58,1.81,34,41,0.6
1704,Shohei Nose,12,5,2,167.6,135,68,3,28,1.52,37,2.17,52,2.23,17,14,3.6
1705,Norbert Novenyi Jr.,11,1,0,182.9,185,75,1,26,1.80,56,1.00,61,6.00,66,80,1.0
1706,Phillipe Nover,11,8,1,175.3,145,72,1,42,1.79,35,2.48,56,0.99,28,44,0.7
1707,Shayilan Nuerdanbieke,39,12,0,172.7,145,69,1,32,1.95,45,2.64,50,3.30,35,28,0.2
1708,Azamat Nuftillaev,13,2,1,182.9,234,77,1,32,0.60,56,1.60,25,4.00,44,0,0.0
1709,Diego Nunes,19,7,0,167.6,145,67,1,43,2.72,43,2.59,58,1.18,44,65,0.6
1710,Amanda Nunes,23,5,0,172.7,135,69,1,38,4.55,51,2.62,57,2.73,54,82,0.7
1711,Nina Nunes,11,7,0,165.1,125,64,1,40,4.39,45,3.47,55,0.24,33,73,0.5
1712,Istela Nunes,6,6,0,162.6,115,66,1,34,4.28,47,4.07,59,0.00,0,47,0.0
1713,Josiane Nunes,10,4,0,157.5,135,67,2,32,5.65,43,5.76,51,0.00,0,58,0.0
1714,Diyar Nurgozhay,12,2,0,188.0,205,74,2,29,5.19,61,2.81,59,1.19,75,72,0.0
1715,Khabib Nurmagomedov,29,0,0,177.8,155,70,1,38,4.10,48,1.75,65,5.32,48,84,0.8
1716,Said Nurmagomedov,18,5,0,172.7,135,70,1,34,3.08,48,2.05,55,0.86,15,63,1.1
1717,Abubakar Nurmagomedov,17,4,1,180.3,170,72,1,36,2.78,53,2.61,65,1.25,22,88,0.0
1718,Umar Nurmagomedov,20,2,0,172.7,135,69,1,30,3.76,56,1.85,60,3.94,46,79,0.2
1719,Francesco Nuzzi,12,2,0,167.6,135,71,2,30,11.00,55,4.00,42,0.00,0,0,0.0
1720,Kennedy Nzechukwu,14,7,1,195.6,244,83,2,34,4.94,46,4.55,51,0.49,45,80,0.2
1721,Jake O'Brien,15,4,0,190.5,205,76,1,42,1.31,31,1.92,69,6.39,54,25,0.2
1722,Sean O'Connell,17,9,0,185.4,205,74,1,43,5.46,48,6.77,45,0.00,0,30,0.5
1723,Sean O'Malley,20,3,0,180.3,135,72,3,31,5.98,60,3.40,59,0.23,42,60,0.2
1724,Casey O'Neill,12,2,0,167.6,125,69,1,28,7.60,52,5.36,57,1.35,34,70,0.8
1725,Brendan O'Reilly,6,3,0,170.2,170,69,1,39,1.90,47,2.77,39,2.22,43,36,0.6
1726,Jose Ochoa,9,2,0,170.2,125,67,2,25,5.16,47,2.99,58,0.30,25,65,0.9
1727,Christian Ocon,2,1,0,172.7,135,69,1,30,1.73,53,5.27,34,0.00,0,63,0.0
1728,Kaito Oda,8,3,0,165.1,125,63,1,28,2.07,62,1.93,38,4.00,100,25,0.0
1729,Volkan Oezdemir,21,8,0,188.0,205,75,1,37,4.99,48,4.19,55,0.50,29,80,0.1
1730,Kaan Ofli,15,4,1,170.2,145,66,1,33,2.49,47,3.17,56,0.34,7,0,0.7
1731,Trey Ogden,18,7,0,180.3,155,72,1,36,3.20,50,3.49,55,1.89,32,100,0.7
1732,Andy Ogle,9,6,0,172.7,145,69,1,37,2.24,44,2.23,50,1.44,26,58,0.0
1733,Yushin Okami,34,12,0,188.0,170,75,2,45,2.06,38,2.25,60,1.98,39,84,0.5
1734,JJ Okanovich,7,1,0,180.3,155,76,1,35,6.93,55,5.27,50,0.00,0,100,0.0
1735,Bolaji Oki,10,4,0,177.8,155,73,1,30,6.42,45,5.12,61,1.02,57,75,0.0
1736,Aleksei Oleinik,60,17,1,188.0,240,80,1,49,3.29,48,3.80,44,1.82,46,37,1.9
1737,Michal Oleksiejczuk,22,10,0,182.9,185,74,2,31,5.73,52,4.45,60,0.99,42,52,0.0
1738,Cezary Oleksiejczuk,17,3,0,190.5,185,75,2,26,1.99,86,0.77,47,5.77,85,100,0.0
1739,Rafaello Oliveira,17,8,0,172.7,155,71,1,44,2.19,33,3.38,59,2.49,36,11,1.6
1740,Charles Oliveira,37,11,0,177.8,155,74,1,36,3.23,55,3.05,48,2.29,39,54,2.6
1741,Alex Oliveira,22,12,1,180.3,170,76,1,38,2.99,51,2.55,46,2.35,38,63,0.6
1742,Maria Oliveira,13,7,0,167.6,115,69,1,29,5.03,38,5.76,44,0.95,44,47,0.0
1743,Bruno Oliveira,8,2,0,193.0,205,80,1,42,3.44,33,4.92,54,0.00,0,0,0.0
1744,Saimon Oliveira,18,7,0,162.6,135,72,1,35,2.62,42,3.87,45,1.18,28,36,1.2
1745,Vinicius Oliveira,24,4,0,175.3,145,70,3,30,5.44,47,2.86,58,1.27,43,71,0.2
1746,Ravena Oliveira,7,5,1,165.1,125,65,1,29,1.77,31,3.71,46,0.74,50,47,0.0
1747,Michael Oliveira,10,0,0,185.4,170,78,1,28,8.28,52,3.35,64,0.00,0,100,0.0
1748,Cameron Olson,7,3,0,185.4,205,75,1,36,3.13,47,2.20,57,3.00,42,100,1.0
1749,Gadzhi Omargadzhiev,13,2,0,185.4,170,71,3,33,1.80,39,2.20,39,1.35,30,60,0.5
1750,Daniel Omielanczuk,19,8,1,182.9,247,74,2,44,3.09,57,3.29,47,0.56,26,68,0.1
1751,Michihiro Omigawa,17,14,1,167.6,145,68,1,50,2.01,39,3.06,64,1.19,36,49,1.5
1752,David Onama,14,3,0,180.3,145,74,1,32,5.07,50,4.89,51,1.05,30,52,0.5
1753,Charlie Ontiveros,11,9,0,188.0,155,74,3,35,1.89,41,5.86,31,0.00,0,30,0.0
1754,Myktybek Orolbai,16,3,1,177.8,170,74,1,28,2.70,52,2.49,52,8.22,59,36,0.4
1755,Brian Ortega,16,5,0,172.7,155,69,3,35,3.84,37,6.38,49,0.93,25,54,0.9
1756,Jaden Ortega,6,1,0,182.9,170,75,2,24,5.07,56,5.87,60,0.00,0,77,0.0
1757,Tito Ortiz,19,12,1,190.5,205,74,1,51,2.59,46,2.88,60,2.47,35,54,0.6
1758,Dustin Ortiz,19,8,0,165.1,125,65,1,37,2.94,44,2.17,56,3.01,36,52,0.1
1759,Kenji Osawa,20,11,2,170.2,135,66,1,49,2.34,35,2.14,63,0.91,58,68,0.7
1760,Ode Osbourne,13,9,0,170.2,125,73,2,34,2.94,40,3.24,49,0.94,29,66,0.4
1761,Nick Osipczak,6,3,0,188.0,170,76,1,41,2.83,50,3.77,50,1.20,45,71,1.0
1762,Rachael Ostovich,4,6,0,160.0,125,62,1,35,2.54,43,3.97,57,2.03,83,66,0.8
1763,Quemuel Ottoni,12,3,0,182.9,155,72,1,33,0.00,0,0.00,0,0.00,0,0,0.0
1764,Zak Ottow,17,7,0,180.3,170,72,1,39,2.63,36,2.73,58,0.97,29,57,0.4
1765,Sidney Outlaw,8,4,0,172.7,170,74,1,34,0.13,33,0.80,71,3.00,75,0,3.0
1766,Alistair Overeem,47,19,0,193.0,265,80,1,46,3.67,64,2.44,57,1.42,55,73,0.8
1767,Ren Ozaki,6,1,2,170.2,135,68,1,24,1.20,35,1.07,55,0.00,0,36,0.0
1768,Alptekin Ozkilic,9,5,0,165.1,125,65,1,40,3.81,32,5.72,59,4.21,58,75,0.0
1769,Nick Pace,8,3,0,170.2,135,68,1,39,1.48,34,3.14,57,2.52,43,54,0.5
1770,Angel Pacheco,7,4,0,172.7,135,70,1,34,7.58,36,10.56,41,0.33,50,16,0.0
1771,Teemu Packalen,8,3,0,185.4,155,75,1,39,2.57,54,3.91,47,2.31,25,100,1.5
1772,Fernando Padilla,16,6,0,185.4,145,76,1,29,6.07,40,5.74,52,0.00,0,100,0.6
1773,Chris Padilla,18,6,1,175.3,155,74,1,31,6.67,54,4.85,51,1.10,29,83,0.4
1774,Damacio Page,19,10,0,167.6,135,66,1,44,2.05,38,2.47,51,2.63,64,23,0.9
1775,Michael Page,26,3,0,190.5,185,79,3,39,2.04,56,1.36,63,0.16,12,65,0.2
1776,Tom Pagliarulo,11,2,0,182.9,145,74,3,29,4.10,47,3.61,57,3.13,37,100,0.0
1777,Dustin Pague,12,11,0,175.3,135,74,1,39,1.65,53,2.96,41,1.03,44,55,2.6
1778,Raulian Paiva,21,5,0,172.7,135,69,1,30,4.14,42,5.01,48,0.65,23,77,0.2
1779,Dinis Paiva Jr.,13,8,0,175.3,145,71,2,38,2.60,41,2.73,67,0.00,0,81,0.0
1780,Fredson Paixao,10,5,0,167.6,145,66,1,47,1.71,54,2.31,62,0.62,11,10,2.2
1781,Luis Pajuelo,8,2,0,177.8,145,69,1,31,6.03,57,8.20,52,0.00,0,66,0.0
1782,Bart Palaszewski,36,17,0,175.3,145,70,1,43,2.67,32,3.97,57,0.65,31,53,0.5
1783,Sasha Palatnikov,6,4,0,185.4,170,72,3,37,6.69,53,5.44,52,0.72,100,70,0.0
1784,Soa Palelei,22,5,0,193.0,265,81,1,49,2.47,57,2.68,48,2.20,47,66,0.0
1785,Rousimar Palhares,19,8,0,172.7,170,71,1,46,1.75,51,2.04,59,3.93,45,0,4.1
1786,Ruel Panales,6,2,0,165.1,125,67,2,29,2.53,51,5.60,46,1.00,20,50,0.0
1787,Yuri Panferov,9,1,0,185.4,185,72,1,30,3.65,50,2.55,60,2.64,57,36,0.0
1788,Alexandre Pantoja,30,7,0,165.1,125,67,1,36,4.54,50,4.23,48,2.82,44,69,0.9
1789,Jared Papazian,20,13,0,172.7,135,67,2,38,3.33,39,3.81,44,0.00,0,50,0.0
1790,Kathryn Paprocki,3,2,0,160.0,115,63,1,33,1.00,23,4.27,43,0.00,0,0,0.0
1791,Josh Parisian,15,8,0,193.0,265,79,1,37,4.55,48,4.88,41,0.98,33,46,0.2
1792,Karo Parisyan,24,11,0,177.8,170,72,1,44,2.49,41,2.19,58,5.27,59,59,1.0
1793,JunYong Park,19,7,0,177.8,185,73,1,35,4.64,51,3.82,51,1.69,42,54,0.8
1794,Harvey Park,12,3,0,182.9,155,70,1,40,3.77,50,7.21,33,0.00,0,0,0.0
1795,HyunSung Park,10,2,0,170.2,125,66,1,30,3.38,41,3.14,55,1.50,31,47,1.8
1796,JaeHyun Park,8,4,0,172.7,155,73,1,24,1.75,67,1.36,45,2.31,85,22,0.4
1797,EoJin Park,9,2,1,182.9,145,71,1,24,3.78,40,3.92,47,0.00,0,0,0.0
1798,BoHyun Park,10,3,0,157.5,115,61,1,27,4.03,38,3.53,55,1.00,22,77,0.0
1799,Norman Parke,23,6,1,180.3,155,70,2,39,3.06,35,2.88,64,1.98,26,77,0.0
1800,Mick Parkin,10,1,0,193.0,265,79,1,30,4.70,50,4.13,58,1.38,46,50,0.2
1801,Salahdine Parnasse,24,2,0,177.8,155,71,2,28,4.65,70,5.42,54,0.00,0,0,0.0
1802,Preston Parsons,11,6,0,180.3,170,71,1,31,3.54,51,3.25,54,3.46,36,71,2.3
1803,Jonny Parsons,9,3,0,175.3,170,69,1,35,4.65,44,4.89,60,0.00,0,66,0.0
1804,Ramona Pascual,6,5,0,170.2,135,66,2,38,3.87,57,8.43,46,1.81,19,100,0.0
1805,Quentin Pasley,4,0,0,193.0,205,78,1,24,5.98,62,2.99,39,3.20,100,100,0.0
1806,Billy Pasulatan,10,3,0,165.1,125,66,3,35,0.65,20,5.22,48,0.00,0,0,4.9
1807,Guilherme Pat,6,2,0,198.1,250,81,1,32,2.80,60,2.82,46,0.00,0,100,0.0
1808,Jhonoven Pati,6,4,0,185.4,185,75,3,36,2.88,53,6.13,33,2.70,100,0,0.0
1809,Windri Patilima,8,1,0,167.6,155,71,2,33,0.31,50,7.64,31,0.00,0,0,0.0
1810,Claude Patrick,14,2,0,180.3,170,75,1,46,1.80,55,0.89,69,2.32,53,84,1.7
1811,Alan Patrick,15,4,0,180.3,155,74,2,43,1.82,40,2.95,43,3.01,33,43,0.3
1812,Sam Patterson,15,3,1,190.5,170,78,1,30,3.58,41,2.82,59,0.67,50,50,1.3
1813,Zac Pauga,7,3,0,188.0,205,76,1,38,4.46,62,2.73,58,0.38,7,100,0.0
1814,Thomas Paull,11,4,0,170.2,155,67,1,31,7.33,33,8.67,64,0.00,0,0,0.0
1815,Sergei Pavlovich,21,3,0,190.5,257,84,2,34,4.49,44,3.58,56,0.47,25,75,0.0
1816,Pawel Pawlak,12,3,0,182.9,170,73,1,37,1.67,33,2.22,53,1.00,37,70,0.0
1817,Logan Paxton,10,2,0,172.7,155,70,1,31,7.38,63,7.54,52,2.46,14,100,0.0
1818,Jonathan Pearce,14,7,0,182.9,145,71,3,34,5.12,54,3.32,54,5.02,50,55,0.8
1819,Ross Pearson,20,16,0,172.7,155,69,1,42,3.68,40,4.09,62,0.74,35,75,0.0
1820,Carlo Pedersoli Jr.,11,3,0,180.3,170,75,2,33,4.17,37,4.12,61,2.91,44,0,0.0
1821,Tyson Pedro,10,5,0,190.5,205,79,1,35,2.90,59,2.39,56,0.76,30,50,0.8
1822,Trevor Peek,9,4,0,175.3,145,70,3,31,3.86,52,3.80,41,1.23,50,50,0.0
1823,Kurt Pellegrino,16,7,0,172.7,155,70,1,47,2.45,43,1.94,63,2.90,54,69,0.8
1824,Julianna Pena,13,6,0,167.6,135,69,1,37,3.10,44,2.56,57,1.70,54,24,0.8
1825,Luis Pena,9,3,0,190.5,155,75,2,33,3.66,46,3.12,51,1.17,33,48,1.2
1826,Matej Penaz,6,1,0,190.5,185,83,2,29,1.28,33,2.55,33,0.00,0,0,0.0
1827,Cathal Pendred,17,4,1,185.4,170,75,1,39,2.49,44,3.01,55,2.46,23,83,0.4
1828,BJ Penn,16,14,2,175.3,155,70,1,47,2.76,48,3.20,56,1.19,55,74,0.5
1829,Jessica Penne,14,9,0,165.1,115,67,1,43,2.63,33,5.05,45,1.29,18,36,0.5
1830,Raquel Pennington,16,10,0,170.2,135,67,1,38,4.10,49,3.32,61,0.83,27,62,0.6
1831,Tecia Pennington,15,8,0,154.9,115,60,1,37,4.73,48,3.48,61,0.56,14,62,0.1
1832,Godofredo Pepey,13,6,0,170.2,145,73,1,39,2.32,38,3.23,47,0.37,7,35,1.5
1833,Robert Peralta,18,8,0,172.7,145,71,1,40,3.76,44,2.97,53,0.59,66,65,0.0
1834,Mayton Perea,9,3,0,188.0,170,75,1,26,30.67,62,5.33,63,0.00,0,0,0.0
1835,Viviane Pereira,13,2,0,154.9,115,63,1,33,2.70,30,4.48,58,0.25,100,28,0.2
1836,Michel Pereira,32,15,0,185.4,185,73,1,32,4.28,51,4.32,50,1.11,52,75,0.6
1837,Alex Pereira,13,4,0,193.0,205,79,1,39,5.01,61,3.72,52,0.11,50,80,0.2
1838,Alice Pereira,7,1,0,172.7,135,71,1,20,2.83,36,3.11,66,0.00,0,75,0.0
1839,Erik Perez,17,6,0,172.7,135,68,1,36,3.16,40,2.09,66,3.16,55,69,0.2
1840,Alejandro Perez,23,9,1,167.6,135,67,1,37,3.45,35,3.18,61,0.54,22,70,0.3
1841,Frankie Perez,10,4,0,180.3,155,73,1,37,1.64,41,2.17,54,1.75,41,50,0.3
1842,Alex Perez,26,11,0,167.6,125,65,1,34,3.79,44,3.18,57,2.31,46,75,0.7
1843,Markus Perez,12,5,0,185.4,185,73,1,38,2.60,47,3.72,52,0.81,25,77,1.0
1844,Ailin Perez,14,2,0,165.1,135,66,3,31,2.82,54,1.79,56,4.34,45,66,0.1
1845,Cristian Perez,15,2,0,175.3,155,72,1,27,3.30,46,4.56,39,2.36,30,87,0.8
1846,Rafael Pergentino,5,1,0,185.4,205,76,1,24,0.00,0,32.00,0,0.00,0,0,0.0
1847,Brando Pericic,7,1,0,195.6,245,79,1,32,11.00,57,4.26,58,0.00,0,71,0.0
1848,Anthony Perosh,15,10,0,190.5,205,75,1,53,2.27,43,3.77,53,2.03,22,33,1.1
1849,Jay Perrin,10,7,0,170.2,135,67,3,33,3.71,46,3.90,44,2.83,52,58,0.0
1850,Mike Perry,14,8,0,177.8,170,71,1,35,4.32,47,5.16,52,0.81,40,78,0.2
1851,Raphael Pessoa,10,2,0,190.5,262,78,1,37,2.16,26,3.43,42,0.00,0,100,0.0
1852,Viktor Pesta,10,4,0,190.5,240,77,1,36,1.58,36,2.54,56,3.29,28,100,0.0
1853,Thomas Petersen,11,5,0,185.4,250,74,2,31,3.04,59,2.57,54,2.95,42,87,0.4
1854,Steven Peterson,19,11,0,177.8,145,70,1,36,4.76,40,5.94,53,1.42,26,64,0.7
1855,Vitor Petrino,15,2,0,188.0,246,77,1,29,3.37,50,2.56,52,2.78,48,80,0.6
1856,Andre Petroski,13,6,0,182.9,185,73,3,35,2.75,49,2.99,51,3.13,52,86,1.2
1857,Armen Petrosyan,9,5,0,190.5,185,71,1,35,5.84,53,3.31,53,0.17,33,41,0.0
1858,Ivana Petrovic,7,3,0,172.7,125,70,2,32,1.91,41,2.05,56,2.12,38,61,0.8
1859,Seth Petruzelli,14,8,0,182.9,205,76,1,46,2.17,41,2.08,55,0.46,50,47,2.3
1860,Carlos Petruzzella,15,2,0,180.3,185,73,1,29,1.71,100,13.71,20,0.00,0,100,0.0
1861,Peter Petties,5,3,0,180.3,145,72,2,35,2.61,29,8.24,48,0.00,0,0,0.0
1862,Anthony Pettis,24,10,0,177.8,155,72,1,39,3.05,47,3.44,54,0.61,50,60,1.1
1863,Sergio Pettis,18,5,0,167.6,125,69,1,33,3.88,37,2.91,65,0.85,40,67,0.4
1864,Forrest Petz,26,10,0,175.3,170,71,1,51,2.27,29,2.20,57,1.30,100,66,0.0
1865,Cody Pfister,13,6,1,177.8,155,73,1,36,1.41,25,2.80,51,2.82,30,0,0.0
1866,Nam Phan,21,17,0,167.6,135,70,1,43,4.52,37,6.55,59,0.18,18,60,0.2
1867,Constantinos Philippou,13,5,0,180.3,185,73,1,46,2.19,35,2.73,54,0.40,42,65,0.3
1868,Aaron Phillips,12,5,0,175.3,135,71,2,37,1.51,53,3.66,43,0.86,50,44,0.6
1869,Elizabeth Phillips,6,6,0,167.6,135,65,1,40,2.60,33,3.07,58,0.75,25,53,0.2
1870,John Phillips,22,11,0,180.3,185,75,2,41,1.72,34,4.03,49,0.00,0,7,0.0
1871,Kyler Phillips,12,5,0,172.7,135,72,1,31,4.75,43,3.83,58,2.82,47,75,0.3
1872,Mario Piazzon,12,2,0,175.3,238,73,1,28,1.25,73,1.07,40,17.46,48,50,0.0
1873,Nick Piccininni,7,1,0,167.6,125,66,1,29,3.20,43,6.03,42,8.00,44,100,0.0
1874,Vinc Pichel,14,5,0,177.8,155,72,1,43,3.78,46,3.17,54,2.50,51,31,0.2
1875,Brad Pickett,25,14,0,167.6,135,68,1,48,3.02,31,4.63,55,2.47,44,58,0.4
1876,Jamie Pickett,13,11,0,188.0,185,80,1,38,2.65,47,3.62,50,1.26,40,67,0.1
1877,Aaron Pico,14,5,0,172.7,145,70,1,30,6.16,53,3.11,45,6.54,50,0,0.0
1878,Oskar Piechota,11,3,1,182.9,185,76,2,36,3.30,52,3.93,51,0.61,40,38,1.5
1879,Mike Pierce,17,7,0,172.7,170,71,1,46,2.62,42,2.36,62,3.08,42,71,0.2
1880,Jonathan Piersma,9,3,0,180.3,170,73,1,30,0.40,42,0.87,31,0.00,0,36,3.0
1881,Sean Pierson,14,6,0,182.9,170,76,2,50,3.84,39,3.73,64,0.39,18,66,0.4
1882,Domingo Pilarte,8,3,0,182.9,135,73,2,36,1.31,47,2.96,40,1.20,42,54,0.8
1883,Paddy Pimblett,24,4,0,177.8,155,73,1,31,5.48,52,3.86,42,0.68,21,46,1.4
1884,Damian Pinas,10,1,0,185.4,185,79,1,24,6.33,63,5.89,39,0.00,0,85,0.0
1885,Daniel Pineda,28,17,0,170.2,145,69,1,41,2.85,49,3.26,45,1.42,24,54,1.5
1886,Pingyuan Liu,13,7,0,167.6,135,72,1,33,2.36,33,2.99,54,0.25,20,56,1.0
1887,Luana Pinheiro,11,5,0,157.5,115,62,1,33,3.29,39,4.06,60,2.33,37,71,0.2
1888,Mario Pinto,13,0,0,195.6,265,79,1,28,3.68,70,1.98,58,4.41,42,100,0.8
1889,Gaetano Pirrello,15,7,1,170.2,135,65,1,34,0.99,55,2.44,42,0.00,0,30,0.0
1890,Patricio Pitbull,38,9,0,167.6,145,67,1,39,3.06,46,4.66,55,1.21,33,74,0.5
1891,Maki Pitolo,13,9,0,177.8,185,75,1,35,4.10,44,3.93,55,2.24,52,50,0.8
1892,Damian Piwowarczyk,12,4,0,198.1,205,77,1,29,7.12,42,7.53,49,0.00,0,0,0.0
1893,Jamal Pogues,11,5,0,190.5,205,77,1,30,3.57,46,3.97,49,2.00,46,70,0.0
1894,Dustin Poirier,30,10,0,175.3,155,72,2,37,5.24,50,4.57,52,1.15,35,64,1.2
1895,Igor Pokrajac,28,13,0,182.9,205,74,1,47,2.25,45,4.26,40,0.87,29,51,0.2
1896,Julia Polastri,15,6,0,157.5,115,63,1,28,6.18,56,5.18,59,0.60,80,57,0.3
1897,Santiago Ponzinibbio,31,10,0,182.9,170,73,1,40,4.67,40,4.79,61,0.58,26,71,0.0
1898,Grigory Popov,13,3,0,170.2,135,68,3,42,3.63,37,4.20,55,0.00,0,45,0.0
1899,Alexander Poppeck,21,6,0,188.0,215,75,1,34,3.88,54,8.69,33,0.00,0,0,0.0
1900,Parker Porter,14,9,0,182.9,265,75,1,41,6.55,50,6.32,51,1.35,26,66,0.5
1901,Ihor Potieria,20,8,0,190.5,185,75,2,30,4.44,50,4.96,50,0.73,18,66,0.0
1902,Callan Potter,18,9,0,182.9,170,72,1,42,3.18,50,4.72,58,3.29,66,100,0.0
1903,Dylan Potter,10,6,0,188.0,225,77,3,31,3.10,48,5.78,46,0.00,0,33,1.1
1904,Ruan Potts,11,6,0,188.0,247,75,1,48,0.85,37,5.92,22,0.75,16,33,2.3
1905,Devin Powell,9,4,0,182.9,155,73,1,38,2.88,41,3.67,51,0.00,0,0,0.6
1906,Marcin Prachnio,17,9,0,190.5,205,73,1,38,5.52,54,3.15,54,0.14,20,53,0.0
1907,Wagner Prado,12,3,0,182.9,205,74,2,39,1.72,40,3.06,50,0.00,0,22,0.0
1908,Francisco Prado,12,5,0,177.8,155,69,1,24,3.68,43,4.31,54,0.76,19,40,0.8
1909,Trevor Prangley,34,11,2,185.4,185,75,1,54,2.59,60,2.02,48,3.38,55,74,1.0
1910,Ricardo Prasel,10,2,0,200.7,238,78,1,36,2.21,57,7.83,37,0.00,0,0,0.0
1911,Carlo Prater,31,18,1,180.3,155,72,3,45,2.03,47,4.07,35,0.43,9,57,1.7
1912,Carlos Prates,24,7,0,185.4,170,78,3,33,4.41,54,4.30,47,0.18,100,77,0.0
1913,Michel Prazeres,26,4,0,167.6,170,67,1,45,2.38,47,2.51,57,3.94,36,47,0.6
1914,Kyle Prepolec,18,11,0,177.8,155,70,2,37,3.01,33,6.59,45,0.00,0,41,0.0
1915,Niko Price,16,11,0,182.9,170,76,1,37,5.11,43,5.57,48,1.06,30,50,0.6
1916,Jiri Prochazka,32,6,1,190.5,205,80,1,33,5.61,55,5.67,45,0.49,60,68,0.2
1917,Lara Procopio,7,2,0,162.6,125,67,1,30,5.64,58,6.50,47,3.15,47,50,0.3
1918,Joe Proctor,11,5,0,177.8,155,72,1,41,3.39,36,3.93,59,0.00,0,70,1.8
1919,Cole Province,6,2,0,175.3,145,68,1,45,1.47,44,2.72,43,2.40,50,83,1.0
1920,Lucie Pudilova,14,10,0,172.7,125,67,1,32,3.60,37,4.07,50,0.70,31,67,0.6
1921,Claudio Puelles,13,5,0,177.8,155,72,2,30,1.54,46,2.62,48,3.29,33,60,1.0
1922,Juan Puerta,23,6,0,175.3,125,71,2,38,1.27,39,1.27,67,1.00,100,0,0.0
1923,Roman Gabriel Puga,6,1,0,170.2,145,71,1,30,12.40,53,9.20,54,0.00,0,90,0.0
1924,Jens Pulver,27,19,1,170.2,145,70,2,51,2.12,37,3.13,56,0.22,33,63,0.3
1925,Andrey Pulyaev,10,5,0,193.0,185,78,2,29,3.60,55,2.94,55,0.27,16,56,0.0
1926,CM Punk,0,1,0,185.4,170,73,1,47,1.10,23,4.87,40,0.87,11,0,0.0
1927,Joe Pyfer,16,3,0,188.0,185,75,1,30,3.52,44,3.22,52,1.45,30,62,0.9
1928,Mike Pyle,27,14,1,182.9,170,74,1,51,2.74,45,2.84,60,1.80,35,70,1.5
1929,Pat Pytlik,9,2,0,182.9,170,73,1,37,3.12,56,4.56,22,0.00,0,33,0.0
1930,Qiu Lun,16,9,0,172.7,125,66,2,29,3.51,46,1.78,67,0.67,18,68,0.0
1931,Billy Quarantillo,18,8,0,177.8,155,70,1,37,7.18,52,6.02,44,1.42,24,60,0.9
1932,Nate Quarry,12,4,0,182.9,185,72,3,54,4.96,44,2.80,66,0.25,33,60,0.0
1933,Josh Quinlan,6,3,0,182.9,170,72,1,33,3.57,42,6.38,53,0.34,11,71,0.0
1934,Michel Quinones,8,3,0,177.8,155,73,1,41,2.91,29,5.98,48,0.00,0,36,0.0
1935,Landon Quinones,7,3,1,175.3,155,70,2,30,6.77,40,7.70,55,0.50,33,100,0.0
1936,Jose Quinonez,9,5,0,172.7,135,69,2,36,3.60,45,3.00,64,2.70,47,42,0.6
1937,Cristian Quinonez,19,5,0,172.7,135,70,1,30,3.67,43,3.71,56,3.14,55,85,0.6
1938,Emilio Quissua,8,1,0,190.5,205,78,3,29,7.53,50,7.12,57,0.00,0,0,0.0
1939,Charles Radtke,12,5,0,175.3,170,72,1,36,2.50,53,2.45,54,1.99,44,100,0.5
1940,Loik Radzhabov,18,6,1,180.3,155,69,1,36,2.89,44,3.76,46,4.65,57,42,0.0
1941,Marwan Rahiki,9,1,0,172.7,145,72,1,24,6.69,49,5.91,59,0.43,33,37,0.4
1942,Ricky Rainey,12,6,0,185.4,170,77,3,43,2.55,48,2.62,46,0.95,18,55,0.0
1943,Shavkat Rakhmonov,19,0,0,185.4,170,77,1,31,3.25,60,2.17,51,1.40,25,85,1.2
1944,Aleksandar Rakic,15,6,0,193.0,238,78,1,34,4.20,50,2.78,54,0.57,21,86,0.1
1945,Zygimantas Ramaska,9,3,0,180.3,145,71,1,29,0.96,60,2.25,30,0.00,0,33,2.4
1946,Mitch Ramirez,8,4,0,180.3,155,70,1,33,3.27,44,3.77,38,0.54,33,33,0.0
1947,Ricardo Ramos,17,8,0,175.3,145,72,1,31,2.91,36,3.97,54,2.51,57,67,1.0
1948,Davi Ramos,10,4,0,167.6,155,70,1,39,2.64,37,3.44,56,1.95,40,83,0.6
1949,Dorian Ramos,8,3,0,172.7,145,70,1,32,2.30,52,2.67,47,1.82,25,33,0.0
1950,Mitch Raposo,11,3,0,165.1,125,64,3,27,1.91,38,2.92,60,1.98,36,68,0.0
1951,Ed Ratcliff,7,3,0,177.8,155,71,1,43,2.71,38,2.96,63,0.28,16,53,0.0
1952,Oscar Ravello,13,4,1,177.8,185,72,3,28,1.84,23,21.43,31,0.00,0,0,0.0
1953,Bec Rawlings,7,8,0,167.6,125,64,1,37,4.48,42,5.66,57,0.71,40,68,0.4
1954,Stevie Ray,23,9,0,177.8,155,70,2,36,3.73,44,2.93,54,0.75,46,55,0.6
1955,Abdul Razak Alhassan,12,7,0,177.8,185,73,1,41,3.64,49,4.01,54,0.84,33,51,0.2
1956,Mateusz Rebecki,21,5,0,170.2,155,66,2,33,5.28,49,4.19,54,3.05,50,53,0.4
1957,Rafael Rebello,9,4,0,165.1,135,67,1,45,2.19,32,3.29,58,2.82,33,75,0.5
1958,Greg Rebello,24,8,0,182.9,240,73,2,44,2.61,39,2.92,58,0.00,0,0,0.0
1959,Karl Reed,6,1,0,190.5,205,78,1,37,2.04,44,3.84,38,1.06,22,53,0.0
1960,Elise Reed,8,6,0,160.0,115,63,1,33,3.50,52,4.16,48,0.41,60,52,0.0
1961,Zach Reese,10,4,0,193.0,185,77,3,32,4.47,54,4.00,43,2.74,61,52,1.2
1962,Regezhen,11,2,0,172.7,145,69,1,25,3.53,41,3.13,73,0.00,0,55,0.0
1963,Stephen Regman,9,4,0,180.3,185,76,1,35,1.41,60,4.93,23,3.52,100,0,0.0
1964,Wilson Reis,23,10,0,162.6,125,65,2,41,1.83,29,3.04,55,5.15,42,47,0.6
1965,Goran Reljic,15,8,0,190.5,205,81,2,42,1.69,37,2.69,59,1.69,50,33,1.1
1966,Ren Yawei,9,4,0,175.3,155,69,1,28,4.67,64,5.32,36,0.00,0,66,1.4
1967,Paulo Renato Junior,12,3,0,182.9,205,73,1,32,4.89,45,5.18,56,0.00,0,100,0.0
1968,Chance Rencountre,14,4,0,188.0,170,75,2,39,1.10,20,3.62,49,1.35,26,16,0.3
1969,Montse Rendon,7,2,0,172.7,135,68,1,37,2.95,27,3.65,57,1.91,37,85,0.3
1970,Marion Reneau,9,8,1,167.6,135,68,1,49,3.20,41,3.52,59,0.62,63,50,0.8
1971,Solomon Renfro,8,2,0,175.3,170,72,3,29,5.20,44,3.53,61,2.00,50,100,0.0
1972,Marco Polo Reyes,8,7,0,180.3,155,71,1,41,6.00,37,5.52,59,0.00,0,46,0.0
1973,Dominick Reyes,16,5,0,193.0,205,77,2,36,4.99,53,3.40,49,0.25,28,82,0.2
1974,Alex Reyes,13,5,0,180.3,155,73,1,39,4.46,46,6.92,48,1.50,28,0,0.0
1975,Javier Reyes,23,6,0,170.2,145,73,1,32,6.28,47,3.06,41,1.27,50,50,0.0
1976,Victor Reyna,11,5,0,180.3,170,74,2,40,5.80,63,4.75,42,0.00,0,100,0.0
1977,Camila Reynoso,9,2,0,157.5,115,63,1,23,1.98,100,1.98,40,0.00,0,0,0.0
1978,Mike Rhodes,10,5,0,185.4,170,74,1,36,3.20,39,4.13,64,0.96,33,75,0.5
1979,Amanda Ribas,13,7,0,162.6,115,66,1,33,4.26,39,3.29,60,2.05,52,82,0.6
1980,Claudio Ribeiro,11,5,0,185.4,185,77,1,34,3.59,51,4.90,30,0.56,50,66,0.0
1981,Brendson Ribeiro,17,11,0,190.5,205,81,1,30,2.94,40,3.56,53,0.66,37,32,0.4
1982,Esteban Ribovics,16,3,0,177.8,155,69,1,30,7.43,43,5.74,54,0.32,66,66,0.2
1983,Mike Ricci,11,5,0,182.9,155,76,2,40,1.80,32,1.64,65,0.67,100,54,0.0
1984,Tabatha Ricci,12,5,0,154.9,115,61,1,31,3.77,36,4.79,58,2.37,34,54,0.1
1985,Brad Riddell,10,4,0,170.2,155,71,1,35,4.71,53,3.53,53,1.77,36,63,0.0
1986,Matthew Riddle,8,3,0,185.4,170,76,2,40,3.01,42,2.74,54,3.51,50,89,0.5
1987,Joe Riggs,44,17,0,182.9,185,70,2,44,2.41,51,1.69,57,2.45,55,62,0.6
1988,Aaron Riley,30,14,1,172.7,155,69,2,45,3.45,34,3.78,61,1.18,34,60,0.1
1989,Luke Riley,14,0,0,175.3,145,69,1,27,6.67,58,3.86,61,0.00,0,37,0.0
1990,Jordan Rinaldi,14,7,0,177.8,145,72,1,39,1.56,35,2.32,59,1.45,35,20,1.2
1991,Nick Ring,14,4,0,182.9,185,74,2,47,3.52,42,3.48,62,1.36,36,52,0.3
1992,Robbie Ring,6,1,0,175.3,145,68,1,26,5.11,38,9.15,38,4.04,33,0,0.0
1993,Mike Rio,10,5,0,177.8,155,70,1,45,1.68,39,2.99,53,2.58,27,0,1.0
1994,Diego Rivas,10,2,0,172.7,145,69,1,34,1.37,40,2.14,52,1.79,60,64,0.9
1995,Jorge Rivera,20,9,0,185.4,185,73,1,54,3.16,48,2.64,54,0.84,50,63,0.1
1996,Francisco Rivera,11,7,0,172.7,135,70,1,44,4.07,41,3.16,68,1.01,63,68,0.6
1997,Jimmie Rivera,23,5,0,162.6,135,68,1,37,4.03,40,3.90,60,0.88,27,92,0.1
1998,Irwin Rivera,10,6,0,167.6,135,67,2,37,3.36,44,5.07,57,1.00,16,70,0.0
1999,Jerome Rivera,10,6,0,177.8,125,72,2,31,3.21,33,2.60,51,0.00,0,40,0.0
2000,Patrick Rivera,13,5,0,180.3,170,74,1,34,4.96,54,14.25,44,0.00,0,0,0.0
2001,Theo Rlayang,5,1,0,170.2,145,65,1,32,5.93,48,8.40,40,2.00,40,0,0.0
2002,Kali Robbins,6,3,0,160.0,115,63,1,42,3.73,46,9.40,44,2.00,33,0,0.0
2003,Karl Roberson,9,6,0,185.4,205,74,2,35,2.57,51,2.42,57,0.72,40,40,0.5
2004,Daniel Roberts,15,7,0,177.8,170,74,2,46,0.73,20,2.27,46,2.46,44,40,2.5
2005,Danny Roberts,18,8,0,185.4,170,74,2,39,3.18,39,3.73,50,0.24,9,57,0.2
2006,Roosevelt Roberts,12,6,0,188.0,155,73,1,32,2.84,43,3.10,52,1.18,26,50,0.7
2007,Kenny Robertson,15,5,0,177.8,170,74,1,42,3.72,47,3.02,52,1.37,26,57,0.8
2008,Gillian Robertson,17,9,0,165.1,115,63,1,31,2.63,47,2.83,56,2.53,40,37,0.8
2009,Alvin Robinson,15,9,0,175.3,155,68,2,44,1.57,50,1.29,51,1.24,50,25,1.2
2010,Damonte Robinson,6,1,1,182.9,155,77,3,31,0.00,0,0.00,0,0.00,0,0,0.0
2011,Vagner Rocha,14,4,0,177.8,155,73,1,44,2.64,42,4.50,48,1.40,33,50,1.9
2012,Carlos Eduardo Rocha,9,4,0,177.8,170,73,1,45,1.24,34,1.85,55,0.00,0,52,1.4
2013,Lucas Rocha,18,2,0,160.0,125,64,1,26,5.09,49,3.67,56,1.64,75,76,0.0
2014,Shem Rock,12,3,1,180.3,155,73,2,32,3.03,39,4.40,49,1.00,13,88,0.0
2015,Luke Rockhold,16,6,0,190.5,185,77,2,41,4.10,49,2.68,53,0.70,29,65,1.0
2016,Gregory Rodrigues,20,6,0,190.5,185,75,1,34,5.78,53,4.57,50,1.57,34,85,0.3
2017,Kleydson Rodrigues,8,4,0,165.1,135,67,1,30,4.58,57,2.29,53,0.60,22,53,0.6
2018,Douglas Henrique Rodrigues,7,2,0,182.9,185,74,1,27,3.46,53,2.14,55,0.00,0,33,2.5
2019,Modestino Rodrigues,8,1,0,190.5,185,77,1,22,32.00,42,0.00,100,0.00,0,0,0.0
2020,Levi Rodrigues Jr.,5,2,0,182.9,205,76,1,29,3.74,50,7.27,28,0.00,0,57,0.0
2021,Yair Rodriguez,21,6,0,180.3,145,71,1,33,4.65,46,3.78,52,0.71,29,59,0.6
2022,Mike Rodriguez,11,7,0,193.0,205,82,2,37,4.35,53,4.24,41,0.00,0,37,0.0
2023,Marina Rodriguez,17,6,2,167.6,115,65,1,39,4.51,46,3.01,55,0.27,50,61,0.3
2024,Daniel Rodriguez,20,6,0,185.4,170,74,2,39,7.19,49,5.44,57,0.51,50,64,0.1
2025,Ray Rodriguez,16,8,0,170.2,135,70,1,38,0.90,27,3.89,40,1.42,50,44,0.0
2026,Ronaldo Rodriguez,17,3,0,167.6,125,65,1,27,2.71,43,3.80,44,1.09,36,64,0.8
2027,Drako Rodriguez,7,3,0,172.7,135,69,1,30,3.37,36,4.40,58,2.93,66,75,0.7
2028,Victor Rodriguez,7,4,0,165.1,125,67,3,34,1.59,37,6.11,50,0.00,0,0,0.0
2029,Piera Rodriguez,12,2,0,160.0,115,63,1,33,4.04,46,3.13,53,4.04,50,81,0.0
2030,Christian Rodriguez,13,4,0,170.2,145,71,1,28,3.90,50,2.94,56,1.81,40,67,1.1
2031,Pete Rodriguez,5,2,0,175.3,170,71,3,29,9.28,43,12.83,42,0.00,0,100,0.0
2032,Imanol Rodriguez,7,0,0,162.6,125,64,1,26,5.71,55,2.42,58,1.30,33,0,0.0
2033,Marcos Rogerio de Lima,22,10,1,185.4,253,75,1,41,3.70,57,2.90,51,1.40,45,59,0.5
2034,Brett Rogers,17,10,0,195.6,265,81,1,45,3.17,44,3.20,46,0.00,0,58,0.0
2035,Max Rohskopf,5,1,0,185.4,155,71,1,32,1.70,31,5.80,42,3.00,33,0,1.5
2036,Nilson Rojas,9,1,0,167.6,125,63,1,27,4.42,50,7.10,58,0.00,0,0,0.0
2037,Marcelo Rojo,16,10,0,172.7,145,71,1,38,4.92,39,6.42,55,0.46,50,66,0.0
2038,Shane Roller,11,7,0,177.8,155,72,1,47,2.04,34,2.65,60,2.46,33,42,1.9
2039,Alexandr Romanov,18,3,0,188.0,262,75,2,35,3.78,51,2.13,54,4.49,55,28,0.9
2040,Ricardo Romero,11,3,0,182.9,205,76,1,48,2.17,55,4.77,46,1.63,10,100,3.3
2041,Yoel Romero,13,5,0,182.9,185,73,2,49,3.44,49,3.05,60,1.57,30,78,0.0
2042,Anthony Romero,8,0,0,180.3,155,70,1,29,5.87,52,4.00,65,2.00,22,100,0.0
2043,Kaleio Romero,6,2,0,177.8,145,69,3,30,2.60,48,3.27,50,1.00,8,0,1.0
2044,Roberto Romero,8,5,1,172.7,145,70,1,26,4.56,49,6.44,44,0.00,0,71,0.0
2045,Mara Romero Borella,12,9,0,167.6,125,69,1,40,2.54,37,2.48,71,1.83,44,66,0.2
2046,Cortavious Romious,9,4,0,162.6,135,68,2,32,1.91,38,3.46,39,2.29,66,64,0.8
2047,Juancamilo Ronderos,4,2,0,160.0,125,64,2,31,2.18,30,2.18,63,2.72,33,0,0.0
2048,Rongzhu,29,6,0,175.3,155,71,1,26,6.20,50,5.32,54,1.18,62,85,0.1
2049,Jesse Ronson,21,12,0,177.8,155,70,2,40,3.54,47,3.39,57,0.46,28,57,0.5
2050,George Roop,15,13,1,185.4,135,72,1,44,3.43,34,2.47,60,1.05,57,59,0.1
2051,Aaron Rosa,18,6,0,193.0,205,77,1,43,4.03,47,4.41,45,0.36,33,85,0.4
2052,Charles Rosa,14,8,0,175.3,145,69,3,40,3.08,36,3.86,47,1.67,35,38,1.0
2053,Karol Rosa,19,8,0,165.1,135,67,1,31,5.47,55,4.28,49,1.08,48,72,0.1
2054,Jacob Rosales,13,7,0,180.3,155,74,1,31,7.19,46,10.66,44,1.12,18,50,0.6
2055,Jessie Rosas,8,2,0,170.2,145,68,2,23,5.00,50,11.67,46,0.00,0,0,0.0
2056,Raul Rosas Jr.,13,1,0,175.3,135,67,3,21,2.12,43,2.17,47,5.02,53,53,0.7
2057,Hilarie Rose,4,2,0,160.0,115,63,1,33,2.33,33,6.13,44,0.00,0,100,0.0
2058,Jared Rosholt,14,4,0,188.0,265,75,1,40,2.08,46,1.52,59,1.83,41,66,0.1
2059,Shannon Ross,13,9,0,167.6,125,66,3,37,5.96,39,7.39,55,0.00,0,100,0.0
2060,Ben Rothwell,39,14,0,193.0,265,78,1,44,3.71,42,4.63,47,0.68,34,70,0.4
2061,Khalil Rountree Jr.,15,7,0,185.4,205,76,2,36,3.88,40,4.33,49,0.00,0,58,0.1
2062,Ronda Rousey,12,2,0,170.2,135,66,1,39,4.17,52,4.14,44,6.26,68,50,4.8
2063,Phil Rowe,11,7,0,190.5,170,80,1,36,3.51,49,4.15,50,0.46,36,53,0.2
2064,Cam Rowston,15,3,0,190.5,185,78,1,31,4.60,48,2.12,52,1.34,44,33,0.3
2065,Brandon Royval,18,9,0,175.3,125,68,2,34,5.60,42,4.24,42,0.89,64,45,1.2
2066,Jairzinho Rozenstruik,15,6,0,188.0,242,78,1,38,3.48,48,2.63,52,0.00,0,72,0.0
2067,Mauricio Rua,27,14,1,185.4,205,76,1,44,3.57,50,2.79,54,2.01,48,49,0.7
2068,Robert Ruchala,11,3,0,172.7,145,72,3,28,3.37,34,5.20,45,1.00,22,71,0.0
2069,Mauricio Ruffy,14,3,0,180.3,155,75,1,30,3.93,56,3.66,59,0.00,0,87,0.0
2070,Montserrat Conejo Ruiz,10,5,0,152.4,115,61,2,33,2.21,29,6.19,44,1.75,50,44,0.6
2071,Mike Russow,15,3,0,185.4,255,73,1,50,1.55,47,2.90,59,4.66,43,0,0.7
2072,Mashrabjon Ruzibaev,20,4,1,172.7,155,67,1,30,0.00,0,0.00,0,0.00,0,0,0.0
2073,Nursulton Ruziboev,37,10,2,195.6,185,76,1,32,1.91,44,2.20,50,1.52,75,45,0.2
2074,Damian Rzepecki,10,1,0,177.8,155,71,1,24,1.07,25,4.93,43,1.00,14,66,0.0
2075,Cameron Saaiman,9,3,0,172.7,135,67,2,25,5.30,46,4.14,51,0.89,28,47,0.7
2076,Zaurbek Sabanov,4,1,0,190.5,262,78,1,28,4.02,58,7.07,47,0.00,0,60,0.0
2077,Danny Sabatello,9,1,0,177.8,135,71,1,33,2.07,57,0.20,25,3.00,75,100,1.0
2078,Pat Sabatini,22,5,0,172.7,145,70,1,35,1.69,54,1.16,54,4.27,41,50,1.3
2079,Amir Sadollah,6,5,0,177.8,170,75,1,46,4.71,46,3.55,60,0.57,27,60,0.3
2080,Nazim Sadykhov,11,3,1,177.8,155,69,2,32,4.69,48,5.42,49,1.08,45,72,0.2
2081,Frankie Saenz,13,7,0,167.6,135,66,1,46,3.94,47,3.50,52,1.74,31,61,0.1
2082,Terrance Saeteurn,8,2,0,167.6,125,67,1,31,3.82,40,3.82,52,0.00,0,0,0.0
2083,Saparbeg Safarov,9,3,0,185.4,185,78,1,39,4.03,48,2.96,47,2.52,41,33,0.0
2084,Tarec Saffiedine,16,7,0,177.8,170,70,3,40,4.05,47,3.06,62,0.52,36,84,0.1
2085,Jason Saggo,12,4,0,180.3,155,71,1,40,2.50,39,2.94,52,2.33,40,23,0.0
2086,Kiru Sahota,12,3,0,177.8,125,73,1,31,4.05,52,2.64,41,0.92,33,50,0.5
2087,Muhammad Saidov,10,0,0,188.0,205,73,1,30,6.11,45,3.46,63,0.00,0,0,0.0
2088,Tatsuya Saika,11,5,0,182.9,155,73,1,36,6.67,44,9.91,43,0.00,0,66,0.0
2089,Mridul Saikia,9,2,0,170.2,125,68,1,29,1.36,33,6.43,26,0.00,0,0,0.0
2090,Kaushik Saikumar,5,1,0,177.8,135,71,1,28,0.81,28,5.35,41,0.00,0,33,1.2
2091,Benoit Saint Denis,17,4,0,180.3,155,73,2,30,5.58,58,4.09,41,4.15,35,72,1.7
2092,Ovince Saint Preux,27,18,0,190.5,205,80,2,43,3.03,47,3.33,47,1.09,36,67,0.5
2093,Lukasz Sajewski,13,3,0,172.7,155,71,1,35,2.06,35,3.88,57,1.01,25,66,0.0
2094,Augusto Sakai,16,5,1,190.5,265,77,1,35,4.60,49,3.83,48,0.23,40,56,0.0
2095,Alessio Sakara,19,11,0,182.9,185,72,1,45,3.96,47,2.80,59,2.18,78,62,0.0
2096,Gokhan Saki,1,2,0,182.9,205,73,1,42,7.09,58,4.57,53,0.00,0,100,0.0
2097,Justin Salas,12,7,0,172.7,155,70,2,44,3.42,43,2.96,68,2.43,20,0,0.0
2098,Luis Saldana,16,7,1,180.3,145,73,1,35,5.16,50,3.65,60,0.64,17,44,0.2
2099,Muslim Salikhov,22,7,0,180.3,170,70,1,42,3.31,49,3.20,60,1.27,33,72,0.0
2100,Quillan Salkilld,13,1,0,182.9,155,75,1,26,4.73,56,2.79,46,6.86,36,81,1.0
2101,Boston Salmon,6,3,0,175.3,135,69,2,35,4.13,37,7.75,59,0.00,0,100,0.0
2102,John Salter,14,3,0,185.4,185,74,2,41,1.68,32,1.68,68,2.85,46,66,0.5
2103,Vinicius Salvador,14,7,0,170.2,135,70,2,30,5.48,43,6.50,48,0.36,11,86,0.0
2104,Dylan Salvador,5,2,0,175.3,155,69,2,33,4.34,37,11.57,46,0.00,0,0,0.0
2105,Josh Samman,13,4,0,190.5,185,79,1,38,2.08,52,2.47,34,1.09,33,33,0.4
2106,Josh Sampo,11,5,0,162.6,125,64,1,42,1.99,36,2.96,55,1.06,33,40,2.1
2107,Samuel Sanches,11,1,0,177.8,155,74,1,23,5.95,75,0.00,100,0.00,0,100,0.0
2108,Diego Sanchez,31,13,0,177.8,170,72,2,44,2.69,37,3.02,56,1.51,24,46,0.8
2109,Eddie Sanchez,15,8,0,188.0,230,74,1,43,3.45,43,3.30,43,1.13,26,42,0.0
2110,Joby Sanchez,11,4,0,167.6,135,68,1,35,3.22,36,2.82,63,0.95,71,51,0.4
2111,Emmanuel Sanchez,15,3,0,175.3,145,71,3,36,4.45,35,4.17,55,0.25,6,16,0.5
2112,Andrew Sanchez,13,7,0,185.4,185,74,1,38,4.30,43,5.10,50,2.55,36,100,0.0
2113,Robert Sanchez,8,2,0,167.6,125,66,1,40,0.96,40,1.78,46,3.61,62,50,0.7
2114,Silvestre Sanchez,10,1,0,177.8,155,73,1,24,4.56,48,3.46,51,4.71,30,66,1.2
2115,Luke Sanders,13,5,0,167.6,135,67,2,40,6.61,52,4.37,50,0.71,30,72,0.2
2116,Jerrod Sanders,16,3,0,172.7,135,72,1,47,0.88,64,1.14,46,2.20,33,50,1.6
2117,Cory Sandhagen,18,7,0,180.3,135,70,3,34,4.92,45,3.72,55,1.14,33,57,0.2
2118,Hector Sandoval,14,4,0,157.5,125,64,1,40,3.31,52,2.33,65,3.49,25,71,1.4
2119,Martin Sano,4,3,1,180.3,170,75,1,35,4.00,33,12.00,40,0.00,0,0,0.0
2120,Duda Santana,3,1,0,170.2,145,73,1,30,6.01,39,2.72,73,6.44,60,0,0.0
2121,Shaheen Santana,6,1,0,185.4,155,75,1,35,0.82,42,1.65,40,0.00,0,0,2.8
2122,Neemias Santana,7,3,1,188.0,185,76,1,30,1.67,34,2.00,52,0.00,0,0,0.0
2123,Jorge Santiago,25,12,0,185.4,170,75,1,45,1.69,35,2.62,56,0.58,30,52,0.8
2124,Mike Santiago,19,12,0,177.8,145,69,1,37,3.44,49,3.58,36,2.66,50,53,1.1
2125,Richie Santiago,7,2,0,170.2,135,67,2,33,3.87,49,4.87,42,0.00,0,25,0.0
2126,Hector Santiago,7,1,0,165.1,135,68,1,33,5.10,27,5.44,45,0.00,0,100,0.0
2127,Evangelista Santos,21,18,0,177.8,170,76,1,48,3.94,36,6.01,49,0.78,100,50,0.4
2128,Iliarde Santos,30,13,1,165.1,125,67,1,46,3.00,30,6.10,57,1.66,23,83,0.0
2129,Leonardo Santos,18,7,1,182.9,155,75,1,46,2.82,46,3.40,54,0.88,25,86,0.2
2130,Thiago Santos,22,11,0,188.0,205,76,1,42,3.72,48,2.57,53,0.88,33,65,0.1
2131,Yana Santos,17,8,0,167.6,135,68,1,36,4.41,57,3.12,52,0.78,47,51,0.1
2132,Taila Santos,19,3,0,167.6,125,68,1,33,3.39,48,2.64,58,2.00,76,86,1.1
2133,Edivan Santos,12,3,1,193.0,248,78,1,34,1.55,48,7.09,26,0.00,0,25,0.0
2134,Daniel Santos,14,3,0,170.2,145,67,1,31,5.15,40,5.38,50,2.60,33,73,0.0
2135,Gabriel Santos,12,2,0,175.3,145,70,1,29,4.35,60,4.31,45,3.80,54,87,1.2
2136,Luana Santos,11,2,0,167.6,135,67,1,26,2.53,53,2.45,64,2.14,37,85,1.0
2137,Djorden Santos,11,4,0,182.9,185,75,1,29,6.43,42,6.63,48,0.47,28,85,0.0
2138,Mairon Santos,18,1,0,170.2,145,72,1,26,3.33,48,2.24,65,0.00,0,69,0.0
2139,Ednilson Santos,14,8,1,175.3,155,73,1,34,0.00,0,9.47,0,0.00,0,0,0.0
2140,Daniel Sarafian,10,6,0,175.3,185,73,1,44,2.23,46,3.10,58,0.36,7,53,0.7
2141,Jeka Saragih,14,5,0,172.7,145,69,1,31,2.75,50,2.82,40,2.17,80,66,0.5
2142,Gokhan Saricam,12,2,0,190.5,265,75,1,35,5.87,47,6.18,38,0.00,0,100,0.0
2143,Yuta Sasaki,21,6,2,177.8,125,71,2,36,2.16,41,2.50,50,3.03,43,41,1.2
2144,Paul Sass,14,2,0,182.9,155,73,1,38,0.53,26,1.90,51,0.53,16,33,7.4
2145,Keisuke Sasu,11,3,1,165.1,145,69,3,32,2.76,49,2.42,48,3.76,40,61,1.9
2146,Takashi Sato,16,7,0,177.8,170,73,2,36,2.21,41,3.73,44,0.76,37,60,0.0
2147,Shogo Sato,5,1,0,170.2,170,66,2,33,2.14,25,25.71,29,0.00,0,0,0.0
2148,Uran Satybaldiev,9,1,0,193.0,205,79,1,32,2.14,25,3.66,44,0.00,0,50,1.7
2149,Ben Saunders,22,13,2,188.0,170,77,1,43,3.23,50,3.58,51,0.20,40,66,1.3
2150,Christien Savoie,10,2,1,180.3,170,72,1,34,1.39,45,6.95,23,0.00,0,12,0.0
2151,Matt Sayles,8,4,0,170.2,155,68,1,32,4.83,41,2.81,61,0.36,16,81,0.7
2152,Mikheil Sazhiniani,13,3,0,182.9,205,71,1,29,2.27,28,3.03,52,0.00,0,100,0.0
2153,Eric Schafer,14,8,2,190.5,185,76,1,49,1.89,34,3.38,56,1.81,36,50,1.8
2154,Brendan Schaub,10,5,0,193.0,245,78,1,43,2.92,37,2.22,57,2.32,46,72,0.4
2155,Matheus Scheffel,14,7,0,188.0,205,75,1,33,1.33,36,3.00,47,0.00,0,100,0.0
2156,Ollie Schmid,4,3,0,182.9,145,71,1,25,3.23,30,7.90,45,0.00,0,0,0.0
2157,Matt Schnell,17,11,0,172.7,125,70,1,36,4.05,40,4.18,54,0.59,45,43,1.2
2158,Bailey Schoenfelder,5,1,0,190.5,265,76,1,29,0.00,0,9.86,53,0.00,0,0,0.0
2159,Wes Schultz,9,4,0,182.9,185,77,1,30,3.31,48,3.96,46,2.56,25,0,3.6
2160,Justin Scoggins,11,5,0,170.2,125,66,2,34,3.56,51,2.16,55,3.42,63,82,0.5
2161,Brad Scott,11,6,0,185.4,170,76,1,37,3.52,41,4.31,57,0.32,15,63,0.7
2162,Louis Lee Scott,10,0,0,172.7,135,70,1,26,5.35,58,0.81,71,2.43,66,100,0.0
2163,Zachary Scroggin,7,1,0,190.5,170,74,1,30,2.40,37,8.80,68,0.00,0,0,0.0
2164,Demba Seck,10,3,0,185.4,145,74,1,33,1.50,40,5.25,22,0.00,0,60,0.0
2165,Neil Seery,16,13,0,162.6,125,64,1,47,3.56,41,3.79,58,0.78,27,53,1.6
2166,Stefan Sekulic,12,4,0,182.9,170,75,2,34,1.83,50,2.83,64,2.00,33,25,0.5
2167,Pete Sell,10,7,0,180.3,170,75,1,44,2.60,42,3.65,51,0.91,21,47,0.9
2168,Matthew Semelsberger,11,8,0,185.4,170,75,3,33,3.77,42,4.24,54,1.01,57,45,0.4
2169,Mackens Semerzier,8,4,0,175.3,145,72,1,45,2.91,45,3.48,46,2.14,50,50,2.1
2170,YeDam Seo,7,4,0,160.0,115,63,1,34,1.07,27,2.40,58,0.50,20,42,0.0
2171,DongHyun Seo,7,3,1,170.2,145,67,1,36,4.91,63,3.35,41,0.00,0,0,0.0
2172,Alex Serdyukov,8,5,0,188.0,170,74,1,46,4.94,48,3.10,46,1.84,55,67,1.8
2173,Matt Serra,11,7,0,167.6,170,68,1,52,1.98,39,2.64,46,2.05,20,38,0.9
2174,Fredy Serrano,3,2,0,160.0,125,65,1,47,1.58,26,1.89,61,2.84,25,84,0.0
2175,Igor Severino,8,1,0,170.2,125,69,1,23,7.17,52,4.33,47,9.69,71,50,0.0
2176,Rodrigo Sezinando,9,2,0,175.3,170,71,1,28,2.25,27,8.76,42,3.37,25,66,0.0
2177,Edmen Shahbazyan,17,6,0,188.0,185,74,1,28,4.06,49,3.69,52,1.38,36,66,0.3
2178,Leon Shahbazyan,12,5,0,193.0,170,74,1,30,6.10,52,8.45,33,1.41,50,0,0.0
2179,Don Shainis,12,5,0,167.6,145,67,1,36,3.42,50,5.87,31,0.97,25,20,1.9
2180,Liliya Shakirova,8,2,0,162.6,125,65,1,34,2.70,30,2.58,74,0.00,0,0,0.0
2181,Kamal Shalorus,9,5,2,172.7,155,68,1,54,3.06,32,2.99,70,2.07,50,80,0.0
2182,Ken Shamrock,28,17,2,185.4,205,72,1,62,1.47,46,4.30,39,0.94,60,44,2.5
2183,Shang Zhifa,32,8,0,170.2,125,63,1,40,1.27,32,1.27,60,2.00,100,0,0.0
2184,Sean Sharaf,5,2,0,190.5,252,77,1,33,7.50,44,14.88,42,0.92,11,0,0.0
2185,Priya Sharma,5,2,0,154.9,115,59,1,35,1.33,16,3.20,40,0.00,0,55,0.0
2186,Eric Shelton,12,6,0,167.6,125,68,1,35,2.57,42,1.88,63,2.83,51,46,0.2
2187,Sean Sherk,36,4,1,167.6,155,67,1,53,2.17,35,2.71,55,4.09,46,56,0.4
2188,Chase Sherman,16,12,0,193.0,250,78,1,36,6.04,45,6.65,52,0.09,50,74,0.0
2189,Valentina Shevchenko,26,4,1,165.1,125,66,2,38,3.04,52,2.00,63,2.65,61,76,0.3
2190,Antonina Shevchenko,10,4,0,172.7,125,67,2,41,3.86,55,2.93,52,0.43,42,53,0.4
2191,Shi Ming,18,6,0,157.5,115,60,1,31,3.09,37,2.92,52,1.02,36,60,0.2
2192,Jake Shields,31,9,1,182.9,170,72,1,47,2.45,36,1.80,56,2.83,29,35,1.2
2193,Henrique Shiguemoto,13,4,1,180.3,185,72,1,37,3.60,33,6.00,16,0.00,0,50,0.0
2194,Liudvik Sholinian,9,4,1,177.8,135,71,1,36,2.50,30,5.67,55,0.00,0,66,0.0
2195,Jack Shore,17,3,0,172.7,145,71,1,31,3.60,58,2.31,56,3.22,39,74,0.6
2196,Ivan Shtyrkov,15,0,1,182.9,205,74,1,38,0.00,0,0.00,0,0.00,0,0,0.0
2197,Ronal Siahaan,7,1,0,170.2,125,71,2,30,0.63,66,6.17,25,0.00,0,25,0.0
2198,Sam Sicilia,15,8,0,172.7,145,67,1,40,2.46,33,3.55,59,1.45,43,70,0.9
2199,Serhiy Sidey,12,2,0,180.3,135,72,3,30,4.49,39,4.26,54,1.58,25,20,1.3
2200,Steven Siler,29,16,0,180.3,145,70,1,39,3.21,41,2.96,54,0.47,21,55,1.6
2201,Anderson Silva,34,11,0,188.0,185,77,2,51,3.05,61,2.05,60,0.50,77,69,0.8
2202,Wanderlei Silva,35,13,1,180.3,205,74,1,50,2.79,40,2.19,60,0.97,53,62,0.6
2203,Thiago Silva,19,6,0,188.0,205,74,1,43,3.92,50,2.55,67,1.03,47,70,0.7
2204,Antonio Silva,19,12,1,193.0,264,82,1,47,2.89,45,3.09,50,0.82,29,66,0.8
2205,Erick Silva,19,9,0,182.9,170,74,1,42,2.50,48,4.18,49,0.85,35,56,1.4
2206,Leandro Silva,20,6,1,175.3,155,72,1,40,2.39,48,2.08,63,1.76,37,65,0.4
2207,Claudio Silva,14,4,0,180.3,170,71,2,44,2.48,42,3.00,46,2.85,26,44,1.1
2208,Joaquim Silva,14,6,0,172.7,155,69,2,37,3.43,43,4.17,53,0.34,50,70,0.8
2209,Felipe Silva,8,2,0,182.9,155,77,1,42,5.40,50,1.80,59,1.00,100,71,0.0
2210,Bruno Silva,15,9,2,162.6,125,65,1,36,3.95,51,4.72,51,1.94,24,72,0.2
2211,Bruno Silva,23,13,0,182.9,185,74,1,37,3.86,48,5.35,41,0.77,22,74,0.0
2212,Gabriel Silva,8,2,0,167.6,135,71,1,32,1.30,34,3.47,45,1.50,25,38,0.5
2213,Jacob Silva,6,4,0,165.1,125,67,1,38,4.17,44,4.92,56,1.51,100,66,0.0
2214,Natalia Silva,20,5,1,162.6,125,65,2,29,4.81,45,2.36,66,0.43,30,90,0.0
2215,Jansey Silva,7,2,0,188.0,185,67,1,31,0.46,40,2.32,33,0.00,0,0,0.0
2216,Maria Silva,8,1,0,160.0,115,64,1,30,3.00,57,1.13,62,2.00,100,55,0.5
2217,Karine Silva,19,7,0,165.1,125,67,1,32,2.24,38,2.74,52,1.93,50,26,1.6
2218,Erik Silva,9,4,0,175.3,145,71,1,39,2.06,67,1.52,40,3.26,80,60,0.0
2219,Janaina Silva,5,1,0,154.9,115,60,1,34,0.00,0,1.50,62,0.00,0,0,0.0
2220,Jhonata Silva,8,2,0,165.1,125,66,1,29,4.86,52,9.85,44,0.00,0,0,0.0
2221,Jean Silva,18,3,0,170.2,145,69,1,29,4.55,51,4.29,54,1.19,58,79,0.7
2222,Danny Silva,11,2,0,170.2,145,69,3,29,6.35,54,7.10,61,2.06,36,75,0.2
2223,Samuel Silva,13,5,1,182.9,155,72,1,30,2.58,27,8.61,37,0.00,0,0,0.0
2224,Douglas Silva de Andrade,29,7,0,170.2,145,68,1,41,3.54,38,4.09,56,0.54,42,71,0.2
2225,Elias Silverio,13,3,0,180.3,155,73,1,40,3.67,49,2.97,51,1.62,38,85,0.2
2226,Sim Kai Xiong,7,2,0,167.6,135,67,1,29,2.85,42,3.64,55,3.49,25,100,0.0
2227,Jamey Simmons,7,4,0,167.6,135,70,1,34,0.79,21,1.92,74,0.00,0,50,0.0
2228,Ricky Simon,22,8,1,167.6,135,69,1,34,2.99,41,3.91,60,4.47,42,77,0.2
2229,Aaron Simpson,12,5,0,182.9,170,73,1,52,3.60,52,2.53,56,3.78,34,83,0.5
2230,Tony Sims,12,4,0,180.3,155,70,2,40,1.81,63,0.76,65,0.71,50,50,0.7
2231,Everett Sims,4,1,0,195.6,260,77,2,38,0.81,66,2.19,30,0.00,0,42,1.2
2232,Rory Singer,11,9,0,188.0,185,77,1,50,2.55,39,2.42,63,0.39,25,64,0.8
2233,Rana Rudra Pratap Singh,11,2,0,177.8,135,69,1,29,0.00,0,9.05,27,0.00,0,0,0.0
2234,Kiran Singh,7,4,0,154.9,115,65,1,26,0.00,0,19.51,23,0.00,0,0,0.0
2235,Elvis Sinosic,7,11,2,190.5,205,77,1,55,1.13,37,4.60,53,0.00,0,0,1.2
2236,Fabia Sintes,12,3,0,170.2,125,65,1,32,1.87,57,0.67,68,3.00,37,100,3.0
2237,Gian Siqueira,19,5,0,185.4,170,74,1,32,0.80,100,3.41,19,0.00,0,0,0.0
2238,Jamie Siraj,14,4,0,170.2,135,66,1,32,2.21,25,7.73,38,0.00,0,0,0.0
2239,Jeremia Siregar,6,3,0,157.5,125,63,1,35,2.80,42,7.37,29,0.00,0,75,0.0
2240,Dennis Siver,23,11,0,167.6,145,70,1,47,3.87,32,2.67,65,0.87,32,65,0.3
2241,Chas Skelly,19,3,0,180.3,145,72,1,41,2.01,40,3.21,49,1.74,34,39,2.3
2242,Scott Smith,18,11,0,182.9,185,70,1,47,1.90,27,5.87,50,0.12,6,58,0.5
2243,Trevor Smith,15,10,0,190.5,185,75,1,45,3.29,55,3.31,51,1.70,32,60,0.7
2244,Anthony Smith,38,22,0,193.0,205,76,1,38,3.19,49,5.04,44,0.44,22,50,0.6
2245,Colton Smith,7,4,0,182.9,155,71,1,39,1.64,41,2.30,51,4.09,36,25,1.4
2246,Leslie Smith,10,7,1,175.3,135,66,1,44,7.56,40,8.41,51,0.00,0,62,0.0
2247,Devonte Smith,11,4,0,175.3,155,76,1,33,4.55,53,3.91,49,0.35,25,85,0.3
2248,Cole Smith,7,2,0,180.3,135,67,1,37,1.78,35,1.96,49,1.67,33,45,1.7
2249,Nate Smith,6,1,0,167.6,125,69,3,31,1.28,38,2.04,35,0.00,0,33,2.3
2250,Braxton Smith,5,2,0,180.3,257,72,1,36,6.46,48,11.54,32,0.00,0,100,0.0
2251,Elijah Smith,10,1,0,175.3,135,71,1,24,4.18,48,2.96,46,2.98,53,53,1.1
2252,Jacobe Smith,12,0,0,177.8,170,72,2,30,6.89,67,2.78,47,7.78,91,100,0.7
2253,Hunter Smith,8,2,0,175.3,155,69,1,27,5.07,42,5.27,63,0.00,0,0,0.0
2254,Dmitrii Smoliakov,9,3,0,188.0,253,74,3,44,1.44,42,3.81,55,0.00,0,75,0.0
2255,Louis Smolka,17,9,0,175.3,135,68,1,35,4.67,47,4.11,53,1.69,35,32,1.8
2256,Cameron Smotherman,12,7,0,175.3,135,69,1,29,3.97,37,3.57,58,0.00,0,62,0.0
2257,Shimon Smotritsky,8,2,0,188.0,170,74,1,26,3.52,34,8.67,56,3.52,33,50,0.0
2258,Richie Smullen,3,1,1,175.3,155,68,1,35,1.98,77,2.26,65,8.49,66,0,0.0
2259,Devin Smyth,4,2,0,177.8,170,72,3,31,2.60,68,6.73,25,4.00,26,100,0.0
2260,Peter Sobotta,17,7,1,182.9,170,75,2,39,2.14,40,2.90,58,1.53,32,77,0.5
2261,Renato Sobral,37,11,0,185.4,205,75,1,51,2.23,45,1.53,57,2.48,42,65,2.6
2262,Rameau Thierry Sokoudjou,18,18,0,177.8,205,78,1,42,2.26,45,2.61,56,1.93,47,78,0.9
2263,Axel Sola,13,1,1,182.9,155,74,2,29,4.55,51,4.52,60,1.79,36,66,0.5
2264,Alexander Soldatkin,14,4,0,188.0,250,75,1,33,1.16,60,1.35,26,1.45,50,50,0.0
2265,Joe Solecki,13,6,0,175.3,155,70,1,33,1.97,53,1.85,50,2.06,48,14,1.4
2266,Song Kenan,22,9,0,182.9,170,71,1,36,4.49,46,5.82,51,0.42,30,73,0.0
2267,Song Yadong,24,9,1,172.7,135,67,1,28,4.26,43,3.76,54,0.79,41,73,0.3
2268,YoungJae Song,10,2,1,172.7,145,70,1,30,2.42,56,2.11,53,0.00,0,48,0.6
2269,Emrah Sonmez,14,5,0,177.8,145,71,1,34,1.47,46,1.73,48,5.00,21,0,0.0
2270,Chael Sonnen,29,15,1,185.4,205,73,2,49,3.08,43,1.10,62,3.81,59,66,0.4
2271,Jin Soo Son,9,4,0,167.6,135,69,1,33,5.10,36,7.63,52,1.50,25,100,0.0
2272,Benardo Sopaj,13,3,0,167.6,135,66,1,26,4.39,58,4.69,52,2.43,60,76,0.8
2273,Sean Soriano,14,8,0,175.3,145,70,1,36,3.18,61,2.14,56,1.33,55,52,0.0
2274,Punahele Soriano,13,5,0,180.3,170,72,2,33,4.04,50,3.55,46,2.20,47,50,0.2
2275,Hecher Sosa,15,1,0,175.3,135,70,1,31,4.53,47,2.50,61,2.00,36,69,1.0
2276,Dmitry Sosnovskiy,11,0,0,190.5,240,77,1,37,2.95,70,2.53,35,3.16,66,100,3.2
2277,Ben Sosoli,7,3,0,182.9,265,72,2,36,2.31,31,4.30,47,0.00,0,0,0.0
2278,Krzysztof Soszynski,26,12,1,185.4,205,77,3,49,3.37,39,3.13,58,0.52,25,71,1.0
2279,George Sotiropoulos,14,7,0,177.8,155,71,1,49,2.61,27,2.52,67,2.32,31,53,1.6
2280,Greg Soto,9,4,0,180.3,170,73,1,40,3.21,63,2.61,52,1.49,27,44,1.0
2281,Joe Soto,18,7,0,167.6,135,65,1,39,3.36,41,5.37,67,0.85,21,70,1.9
2282,Andre Soukhamthath,13,8,0,175.3,135,70,1,37,2.77,44,4.31,49,1.25,53,58,0.2
2283,Mario Sousa,15,3,0,190.5,185,79,1,29,2.82,50,2.99,28,0.52,25,37,0.5
2284,Manoel Sousa,15,1,0,175.3,155,70,1,29,4.27,48,3.48,55,0.36,20,73,1.1
2285,Jacare Souza,26,10,0,185.4,185,72,1,46,2.53,47,2.83,62,2.57,39,57,1.3
2286,Edimilson Souza,15,5,0,182.9,145,74,1,41,4.65,44,2.91,58,0.00,0,50,0.0
2287,Livinha Souza,14,4,0,160.0,115,63,1,35,1.75,45,3.60,56,2.54,45,40,1.4
2288,Bruno Souza,10,3,0,177.8,145,70,1,30,3.73,39,5.30,45,0.50,16,60,0.0
2289,Jose Souza,9,1,0,190.5,170,79,1,24,4.24,45,4.86,49,0.00,0,0,0.0
2290,Ketlen Souza,17,6,0,160.0,115,63,1,32,4.11,57,3.89,53,0.45,13,53,0.2
2291,Heraldo Souza,9,2,1,180.3,185,73,1,31,1.62,33,1.62,50,0.00,0,0,0.0
2292,Ryan Spann,24,12,0,195.6,264,79,1,35,3.06,39,4.16,41,1.14,33,51,1.7
2293,Marina Spasic,7,2,0,162.6,115,64,1,32,7.50,47,6.00,57,0.00,0,50,0.0
2294,Tommy Speer,21,7,0,177.8,170,71,1,42,2.56,51,5.12,35,2.02,33,33,0.0
2295,Sean Spencer,12,6,0,177.8,170,74,1,39,4.24,32,4.02,60,0.14,33,68,0.0
2296,Felicia Spencer,9,3,0,167.6,145,68,1,35,3.21,48,4.54,45,1.18,18,27,0.2
2297,Eric Spicely,12,6,0,185.4,185,73,1,40,3.71,45,5.72,55,1.31,20,75,1.0
2298,Daniel Spitz,6,3,0,200.7,245,82,1,36,2.60,35,5.30,46,0.74,66,0,0.0
2299,Serghei Spivac,18,7,0,190.5,257,78,1,31,3.35,46,4.23,50,3.42,57,52,0.4
2300,Daniel Spohn,15,6,0,193.0,205,79,2,41,2.42,49,1.60,53,0.00,0,28,2.5
2301,Austin Springer,12,4,0,172.7,145,71,1,39,3.54,57,3.15,41,3.37,40,100,0.8
2302,Georges St-Pierre,26,2,0,180.3,185,76,1,45,3.78,53,1.40,72,4.16,74,83,1.1
2303,George Staines,9,0,0,182.9,155,74,1,26,9.84,76,3.93,42,44.26,75,0,0.0
2304,Ron Stallings,14,8,0,188.0,170,75,2,43,3.22,60,3.26,51,0.00,0,71,0.0
2305,Cody Stamann,21,8,1,167.6,135,64,1,36,4.32,46,3.91,60,2.17,37,76,0.0
2306,Brian Stann,12,6,0,185.4,205,74,1,46,3.28,42,2.65,59,0.12,12,60,0.3
2307,Josh Stansbury,4,8,0,188.0,205,74,1,41,3.22,54,3.54,54,0.00,0,87,1.0
2308,Clifford Starks,13,3,0,182.9,185,78,1,45,1.94,33,2.49,58,1.94,100,60,0.0
2309,Kalib Starnes,17,11,1,190.5,185,74,1,51,2.71,48,4.43,53,1.46,33,25,0.6
2310,Laureano Staropoli,9,5,0,185.4,185,71,1,33,3.31,34,3.73,54,0.83,26,48,0.0
2311,Damian Stasiak,10,6,0,165.1,135,70,1,36,1.86,36,3.10,52,2.64,35,43,0.6
2312,Dominique Steele,14,9,0,177.8,170,74,1,38,2.32,49,2.42,50,2.95,42,76,0.0
2313,Ricky Steele,6,0,0,175.3,135,74,1,38,4.07,70,2.93,50,0.00,0,91,0.0
2314,Kody Steele,8,1,0,175.3,155,71,1,31,3.85,32,6.20,52,1.07,25,100,0.5
2315,Steve Steinbeiss,9,4,0,190.5,185,75,1,45,3.92,55,1.86,49,0.44,50,58,0.0
2316,Jeremy Stephens,29,23,0,175.3,155,71,1,40,3.13,40,3.25,57,1.10,38,61,0.4
2317,Aljamain Sterling,26,5,0,170.2,145,71,1,37,4.26,52,2.15,59,2.54,32,44,0.6
2318,Joe Stevenson,33,16,0,170.2,145,70,1,44,2.05,44,2.44,60,2.75,44,39,2.2
2319,Maia Stevenson,6,5,0,162.6,115,62,1,44,1.57,54,3.13,33,3.91,100,50,0.0
2320,Gable Steveson,4,1,0,180.3,249,74,1,26,15.46,71,5.89,58,0.00,0,0,0.0
2321,Darren Stewart,12,8,0,182.9,205,74,1,35,3.05,45,3.29,48,1.75,45,67,0.1
2322,Kyle Stewart,11,3,0,182.9,170,76,1,37,1.41,35,2.42,43,1.32,20,60,0.0
2323,Navajo Stirling,11,0,0,193.0,205,79,1,28,6.47,55,2.56,58,0.82,25,71,0.0
2324,Lazar Stojadinovic,12,5,0,170.2,145,68,2,37,1.82,29,1.97,59,0.00,0,0,0.0
2325,Julija Stoliarenko,11,10,2,170.2,125,66,1,33,2.74,38,4.45,46,0.78,20,54,1.4
2326,Dustin Stoltzfus,17,8,0,182.9,185,75,1,34,3.40,46,3.26,47,2.17,36,43,1.1
2327,Niklas Stolze,12,6,0,185.4,155,74,3,33,2.12,48,2.25,49,0.66,100,55,0.7
2328,Ken Stone,11,4,0,172.7,135,71,2,43,3.85,49,2.90,48,1.24,33,60,0.6
2329,Rick Story,19,9,0,175.3,170,71,2,42,3.80,41,2.17,62,2.53,48,63,0.9
2330,Darko Stosic,13,4,0,182.9,205,76,1,34,2.61,45,4.04,58,3.42,50,83,0.0
2331,Sam Stout,20,12,1,175.3,155,70,1,42,4.17,28,4.08,57,0.63,38,77,0.1
2332,Jesse Strader,5,3,0,170.2,135,70,1,35,5.03,51,5.28,47,3.87,57,100,0.0
2333,Daniel Straus,24,7,0,170.2,145,71,3,42,4.76,43,2.99,57,0.84,15,81,1.1
2334,Sean Strickland,31,7,0,185.4,185,76,1,35,5.98,42,4.53,60,0.66,62,68,0.1
2335,Mark Striegl,18,4,0,172.7,145,70,2,38,1.40,45,4.07,40,0.00,0,66,0.0
2336,Stefan Struve,33,13,0,210.8,265,84,1,38,3.12,47,4.04,46,0.56,46,55,1.7
2337,Tatiana Suarez,13,1,0,165.1,115,66,2,35,2.86,60,1.63,44,4.52,45,57,0.7
2338,Lucasz Sudolski,8,1,0,193.0,205,75,1,33,5.70,67,4.89,28,0.00,0,100,0.0
2339,Sulangrangbo,10,4,0,175.3,135,66,2,21,3.96,48,3.20,62,0.00,0,72,0.0
2340,George Sullivan,17,7,0,182.9,170,73,1,45,3.53,39,2.42,57,1.37,20,38,0.7
2341,Justin Sumter,7,3,0,188.0,185,80,2,36,2.68,48,7.64,34,2.87,100,0,0.0
2342,Sumudaerji,20,7,0,172.7,125,72,2,30,4.21,50,2.10,64,0.68,33,70,0.5
2343,Rama Supandhi,8,4,0,165.1,125,66,2,34,2.20,42,3.53,48,1.00,11,0,0.0
2344,Baisangur Susurkaev,12,0,0,188.0,185,79,1,25,5.74,54,4.45,58,2.09,26,100,0.8
2345,Louie Sutherland,11,6,0,190.5,258,76,1,32,1.80,69,1.95,35,4.49,40,33,0.0
2346,Takaya Suzuki,9,1,0,170.2,125,68,2,22,6.87,51,2.29,67,1.01,100,100,0.0
2347,Daniel Swain,20,10,1,175.3,145,70,1,35,0.80,44,3.20,40,0.00,0,0,6.0
2348,Cub Swanson,31,14,0,172.7,145,70,1,42,4.84,51,3.99,59,1.00,50,63,0.4
2349,Mike Swick,15,6,0,185.4,170,77,1,47,2.36,37,2.29,54,1.06,50,61,0.6
2350,Oumar Sy,12,3,0,193.0,205,83,1,30,3.57,51,1.97,64,2.90,35,66,0.6
2351,Klaudia Sygula,8,3,0,172.7,135,69,1,27,5.59,46,4.56,55,0.29,11,41,0.0
2352,Kevin Syler,10,1,0,175.3,155,71,3,33,5.60,69,4.03,48,1.00,40,77,2.0
2353,Tim Sylvia,31,10,0,203.2,265,80,1,50,4.23,41,2.61,61,0.11,100,75,0.1
2354,Kevin Szaflarski,11,2,0,195.6,260,77,1,31,1.13,28,8.07,30,0.00,0,0,0.0
2355,Sebastian Szalay,10,2,0,167.6,145,66,1,32,4.94,41,2.20,65,0.51,20,84,0.0
2356,Bartosz Szewczyk,8,3,1,193.0,205,73,1,29,2.70,33,3.52,47,0.00,0,0,0.0
2357,Justin Tafa,7,5,0,182.9,264,74,2,32,4.05,54,5.11,47,0.00,0,53,0.0
2358,Junior Tafa,7,6,0,190.5,205,75,1,30,3.53,52,2.70,52,0.00,0,72,0.0
2359,Khalid Taha,13,5,0,165.1,135,69,1,34,2.64,32,4.12,46,0.00,0,61,0.2
2360,Tatsuro Taira,18,2,0,170.2,125,70,1,26,2.87,54,3.10,44,3.57,43,46,1.3
2361,Mairbek Taisumov,27,6,0,175.3,155,73,1,38,2.98,39,3.03,64,1.34,63,88,0.0
2362,Taiyilake Nueraji,12,1,0,188.0,155,75,2,25,9.82,53,5.01,58,1.47,33,100,0.0
2363,Ryo Tajima,12,3,0,172.7,135,71,1,27,2.90,45,3.23,64,2.50,50,50,0.0
2364,Payton Talbott,11,1,0,177.8,135,70,3,28,6.62,56,3.41,46,0.78,44,77,0.2
2365,Nordine Taleb,15,7,0,185.4,170,74,1,45,3.66,51,2.62,66,1.94,76,73,0.0
2366,Murtaza Talha,7,2,0,182.9,205,74,1,30,4.29,57,7.09,31,0.00,0,100,0.0
2367,Akitoshi Tamura,21,18,2,175.3,135,70,1,46,3.73,43,1.94,78,0.00,0,20,1.0
2368,Issei Tamura,10,8,0,165.1,135,63,1,42,1.89,53,4.58,44,0.92,25,33,0.0
2369,Michinori Tanaka,11,3,0,165.1,135,67,1,35,1.97,37,1.99,50,2.40,38,43,0.2
2370,Evan Tanner,32,8,0,182.9,185,74,1,55,3.05,59,2.64,56,2.55,43,25,1.3
2371,Kasey Tanner,6,1,0,170.2,135,69,1,34,6.60,50,6.67,63,2.00,33,0,0.0
2372,Otari Tanzilovi,10,2,0,175.3,135,70,1,28,4.20,68,4.20,49,4.50,36,85,0.0
2373,Manny Tapia,12,14,1,165.1,135,67,1,45,2.69,21,4.74,58,0.49,40,66,0.2
2374,Regina Tarin,9,0,0,170.2,125,66,2,21,6.37,44,5.60,54,0.50,33,83,0.0
2375,Miesha Tate,20,10,0,167.6,135,65,1,40,2.62,44,3.05,51,1.97,30,56,1.2
2376,Aaron Tau,11,1,0,162.6,125,66,3,33,4.85,44,5.00,60,0.89,18,64,0.0
2377,Deividas Taurosevicius,17,5,0,175.3,145,68,2,49,2.13,43,1.82,59,2.00,28,50,0.3
2378,Thiago Tavares,21,7,1,170.2,145,70,1,41,2.00,40,2.31,62,3.83,42,62,1.5
2379,Brad Tavares,21,13,0,185.4,185,74,1,38,3.41,43,3.32,54,0.70,26,80,0.0
2380,Ramon Taveras,10,4,0,172.7,145,70,2,32,4.07,43,6.45,54,0.00,0,72,0.0
2381,Paul Taylor,11,6,1,182.9,155,72,1,46,4.44,47,4.47,55,0.27,25,56,0.5
2382,Jesse Taylor,31,15,0,182.9,170,73,1,43,1.94,65,0.55,38,7.28,50,100,3.1
2383,Danielle Taylor,9,4,0,152.4,115,60,1,36,2.75,29,3.31,71,0.20,20,70,0.2
2384,James Te Huna,16,9,0,188.0,185,75,1,45,4.04,51,2.99,62,2.75,37,58,0.2
2385,Cam Teague,9,2,0,177.8,145,69,1,28,5.70,28,18.44,32,0.00,0,0,0.0
2386,Glover Teixeira,33,9,0,188.0,205,76,1,46,3.73,49,4.43,51,2.11,33,60,0.9
2387,Tallison Teixeira,9,2,0,200.7,258,83,1,26,4.85,62,4.10,41,2.40,30,0,0.0
2388,Ramazan Temirov,20,3,0,162.6,125,63,1,29,4.73,41,3.65,62,0.68,50,100,0.0
2389,Taneisha Tennant,5,1,0,170.2,145,70,1,37,5.67,55,3.40,71,0.00,0,100,0.0
2390,David Teymur,8,2,0,175.3,155,73,2,37,4.69,43,3.53,55,0.94,33,77,0.0
2391,Daniel Teymur,7,4,0,165.1,145,69,1,38,3.08,46,3.93,56,0.56,18,60,0.3
2392,Alexia Thainara,15,1,0,162.6,115,67,1,30,4.80,47,2.76,55,3.95,53,100,1.4
2393,Brandon Thatch,11,5,0,188.0,170,74,3,41,2.70,42,3.63,52,1.36,66,50,0.7
2394,Elias Theodorou,16,3,0,185.4,185,75,1,38,4.19,42,2.39,53,1.27,28,59,0.0
2395,Paulo Thiago,18,9,0,180.3,170,74,1,45,1.71,39,1.99,63,1.42,31,63,1.2
2396,Colby Thicknesse,9,1,0,170.2,135,69,1,27,3.24,41,2.93,54,0.67,7,33,1.7
2397,Nick Thompson,38,14,1,185.4,170,74,1,45,1.87,42,1.80,49,1.06,100,35,2.6
2398,Oli Thompson,17,10,0,185.4,242,75,1,46,1.66,46,5.31,46,0.00,0,50,0.5
2399,Stephen Thompson,17,9,1,182.9,170,75,1,43,4.05,46,3.00,54,0.23,35,63,0.0
2400,Josh Thomson,22,9,0,177.8,155,71,1,48,2.59,47,2.12,64,1.92,39,54,1.3
2401,Isaac Thomson,9,3,0,177.8,145,69,3,24,1.40,44,2.20,42,4.00,80,33,0.0
2402,Simeon Thoresen,17,6,1,185.4,170,79,1,42,3.85,43,3.85,64,1.12,40,50,1.7
2403,Ti Haitao,18,7,0,170.2,135,69,1,25,4.27,37,3.13,60,2.00,40,57,0.0
2404,Gleison Tibau,33,14,0,177.8,155,71,2,42,1.95,31,2.51,63,4.08,53,92,0.8
2405,Darren Till,18,5,1,182.9,185,74,2,33,2.30,46,3.31,56,0.55,46,69,0.0
2406,Rio Tirto,8,1,0,162.6,125,66,3,26,0.00,0,2.11,69,0.00,0,0,0.0
2407,Denis Tiuliulin,10,10,0,185.4,185,77,1,38,3.61,41,5.23,38,0.96,42,72,0.0
2408,Rafael Tobias,14,3,0,188.0,205,74,1,23,2.17,32,5.95,37,2.00,40,100,1.0
2409,Dusko Todorovic,13,7,0,185.4,185,74,1,32,4.52,57,4.20,48,2.03,24,40,0.3
2410,Tuco Tokkos,11,6,0,193.0,205,76,1,36,2.59,41,3.70,46,2.87,36,33,0.6
2411,Anelya Toktogonova,6,2,1,157.5,115,63,2,21,1.16,50,2.03,39,0.00,0,10,2.2
2412,Kazuki Tokudome,18,7,1,180.3,155,73,2,39,2.26,41,3.63,53,2.00,38,78,0.0
2413,Puja Tomar,9,6,0,154.9,115,59,2,32,5.27,49,5.42,46,0.00,0,75,0.0
2414,Tyler Toner,15,7,0,172.7,145,70,1,43,2.95,52,2.13,62,0.00,0,54,0.4
2415,Ilia Topuria,17,1,0,170.2,155,69,1,29,4.82,50,3.97,62,1.73,57,95,0.9
2416,Aleksandre Topuria,7,1,0,170.2,135,68,1,30,2.93,55,2.57,68,1.50,33,100,0.0
2417,Miguel Torres,44,9,0,175.3,135,76,1,45,3.98,43,1.86,74,0.00,0,17,1.6
2418,Jose Torres,8,1,0,162.6,125,65,1,34,4.37,36,9.84,50,1.28,33,75,0.0
2419,Desmond Torres,7,2,0,167.6,135,69,1,29,4.80,64,11.78,48,0.00,0,100,0.0
2420,Manuel Torres,17,4,0,177.8,155,73,3,31,6.57,56,4.24,50,1.32,66,76,0.7
2421,Justice Torres,12,4,0,170.2,145,66,2,28,0.79,22,8.29,53,5.92,50,0,0.0
2422,Eduardo Torres Caut,16,2,0,170.2,135,70,1,31,1.10,34,1.24,65,2.06,33,50,0.0
2423,Salim Touahri,10,4,0,177.8,170,72,1,37,2.60,46,2.87,58,0.00,0,83,0.0
2424,Dequan Townsend,21,12,0,190.5,205,79,1,40,1.23,34,3.92,38,0.00,0,46,0.0
2425,Taner Trembley,7,1,0,175.3,145,69,1,31,9.20,45,12.40,46,1.00,9,0,0.0
2426,Francisco Trevino,13,3,0,175.3,155,70,1,44,2.65,42,2.42,64,0.97,22,41,0.0
2427,Frank Trigg,21,9,0,175.3,170,71,2,54,2.79,46,1.90,56,2.35,47,75,0.8
2428,Francisco Trinaldo,28,9,0,175.3,170,70,2,48,3.13,45,2.67,60,0.98,42,60,0.5
2429,Michael Trizano,11,3,0,180.3,145,71,1,34,3.63,53,4.40,50,0.36,66,72,0.5
2430,Antonio Trocoli,12,7,0,195.6,185,80,1,35,1.27,47,5.30,26,0.88,9,42,0.4
2431,Abel Trujillo,15,8,0,172.7,155,70,1,43,2.65,41,2.31,59,2.18,45,40,0.4
2432,Arman Tsarukyan,24,3,0,170.2,155,72,1,29,3.78,49,1.77,54,3.25,34,75,0.1
2433,Rei Tsuruya,12,1,0,167.6,125,68,1,24,2.85,54,1.79,43,5.17,37,50,2.1
2434,Magomed Tuchalov,7,0,0,190.5,205,78,1,26,2.33,43,2.60,66,8.00,57,100,1.0
2435,Chris Tuchscherer,21,4,0,188.0,258,76,1,51,1.35,31,3.17,47,1.19,18,0,0.6
2436,Jon Tuck,10,5,0,180.3,155,73,1,42,3.00,40,3.74,60,0.42,33,50,1.0
2437,Gavin Tucker,13,3,0,167.6,145,66,2,40,4.29,44,4.18,57,3.13,44,53,1.5
2438,Tai Tuivasa,15,11,0,188.0,264,75,2,33,3.25,48,4.36,43,0.09,11,56,0.0
2439,Zubaira Tukhugov,20,6,1,172.7,155,68,1,35,3.17,39,3.07,63,2.13,39,100,0.0
2440,Marco Tulio,14,3,0,182.9,185,74,1,32,6.02,53,2.97,56,1.05,26,0,0.3
2441,Nyamjargal Tumendemberel,10,1,0,170.2,125,71,1,28,2.72,42,2.47,53,3.37,50,56,2.1
2442,Albert Tumenov,18,4,0,180.3,170,73,1,34,3.76,42,3.34,58,0.20,20,75,0.0
2443,Ricky Turcios,13,6,0,175.3,145,71,1,33,4.68,39,3.84,51,0.85,17,44,0.3
2444,Anton Turkalj,8,4,0,193.0,205,78,1,30,2.45,42,3.42,54,4.98,41,16,0.0
2445,Wellington Turman,18,8,0,182.9,170,72,1,30,3.23,51,4.17,45,1.55,20,42,0.8
2446,Jalin Turner,16,9,0,190.5,155,77,2,31,5.84,49,4.53,41,0.75,55,75,1.1
2447,Marcin Tybura,27,12,0,190.5,254,78,1,40,3.49,46,3.34,54,1.23,32,70,0.1
2448,Raphael Uchegbu,10,2,0,175.3,135,73,1,31,2.46,48,2.85,50,1.48,16,0,0.0
2449,Takeru Uchida,9,2,0,170.2,125,68,2,24,0.42,40,0.63,25,3.17,20,0,6.3
2450,Tagir Ulanbekov,17,3,0,170.2,125,70,2,35,3.01,48,3.44,50,2.73,39,63,1.5
2451,Carlos Ulberg,15,1,0,193.0,205,77,1,35,6.57,55,4.03,51,0.53,60,85,0.2
2452,Gasan Umalatov,17,4,2,180.3,170,71,1,44,2.23,39,4.10,59,0.75,17,90,0.0
2453,Caol Uno,33,19,5,170.2,155,70,2,51,1.91,49,1.90,50,1.95,31,37,0.5
2454,Logan Urban,5,1,0,182.9,170,72,1,32,2.55,66,16.60,27,0.00,0,0,0.0
2455,Hector Urbina,17,10,1,180.3,170,73,1,39,0.97,38,2.44,39,0.00,0,38,3.8
2456,Elias Urbina,3,1,0,190.5,185,77,2,32,3.85,37,6.17,50,0.00,0,0,0.0
2457,Gilbert Urbina,8,5,0,190.5,185,75,1,30,6.68,57,4.72,47,2.73,44,0,0.7
2458,Guilherme Uriel,8,2,0,185.4,242,74,1,29,1.01,43,3.89,22,0.00,0,57,4.3
2459,Nick Urso,10,3,0,167.6,125,66,2,41,3.61,45,5.06,36,0.00,0,0,0.0
2460,Sho Patrick Usami,4,1,0,175.3,155,70,1,26,0.00,0,0.00,0,0.00,0,0,0.0
2461,Kamaru Usman,21,5,0,182.9,185,76,3,39,4.13,50,2.86,54,2.60,42,90,0.1
2462,Mohammed Usman,12,4,0,188.0,239,79,1,37,3.85,39,4.27,51,0.56,14,66,0.0
2463,Darren Uyenoyama,10,6,0,167.6,125,65,1,46,1.34,39,2.21,66,1.42,33,35,0.7
2464,Richie Vaculik,10,4,0,167.6,125,69,1,43,3.69,46,4.09,57,3.00,45,31,1.0
2465,Rashid Vagabov,14,2,0,170.2,125,63,1,28,1.87,38,0.93,67,3.00,50,100,3.0
2466,Abubakar Vagaev,25,4,0,180.3,170,73,1,33,1.80,38,2.20,60,4.00,40,71,0.0
2467,Artem Vakhitov,3,1,0,185.4,205,75,1,35,3.88,85,0.68,80,0.00,0,100,0.0
2468,Genaro Valdez,10,3,0,175.3,155,72,1,34,4.08,30,7.16,48,1.54,44,36,0.4
2469,Charlie Valencia,12,7,0,160.0,135,64,1,51,2.58,37,2.61,77,1.40,53,75,0.5
2470,Robert Valentin,13,6,0,188.0,185,77,1,31,1.15,54,2.37,32,1.01,66,52,2.5
2471,Ivan Valenzuela,8,2,0,188.0,185,77,1,33,0.00,0,9.60,33,0.00,0,0,0.0
2472,Victor Valenzuela,14,4,0,175.3,170,71,1,32,3.47,40,4.81,51,0.63,33,55,0.0
2473,Timur Valiev,18,3,0,167.6,135,67,1,36,5.19,53,3.33,45,1.73,40,55,0.3
2474,Kevin Vallejos,18,1,0,170.2,145,68,3,24,6.12,48,4.41,57,0.66,28,84,0.0
2475,Isaac Vallie-Flagg,16,7,1,172.7,155,70,1,48,5.56,47,5.60,45,0.20,12,58,0.0
2476,Joshua Van,18,2,0,165.1,125,65,1,24,8.26,57,5.83,57,0.70,61,75,0.3
2477,Cameron VanCamp,15,7,1,188.0,155,74,3,33,5.31,47,6.41,40,0.00,0,0,0.0
2478,Jared Vanderaa,12,10,0,193.0,265,80,1,34,4.96,44,5.67,45,0.18,50,20,0.0
2479,Austin Vanderford,13,3,0,180.3,170,74,1,36,3.04,59,2.71,48,3.08,35,100,1.2
2480,Lando Vannata,12,8,2,175.3,155,71,1,34,4.52,45,4.71,54,1.24,36,66,0.3
2481,Paige VanZant,8,5,0,162.6,115,65,1,32,3.35,52,2.62,42,1.27,33,34,1.0
2482,Kazula Vargas,12,5,0,172.7,155,71,2,41,3.65,53,1.77,57,0.40,25,30,0.4
2483,Jamie Varner,21,11,1,172.7,155,71,1,41,2.92,34,2.55,58,3.49,53,66,0.8
2484,Javier Vazquez,16,5,0,170.2,145,69,2,49,2.43,36,1.99,72,2.56,52,57,1.5
2485,Manny Vazquez,11,2,0,177.8,125,72,1,32,1.47,41,2.67,48,1.00,33,0,1.0
2486,Gianni Vazquez,14,6,1,170.2,135,71,1,32,1.71,23,3.91,43,0.00,0,62,1.6
2487,Greg Velasco,6,1,0,188.0,265,70,2,33,0.00,0,1.52,0,0.00,0,0,0.0
2488,Cain Velasquez,14,3,0,185.4,240,77,1,44,6.37,57,2.33,57,5.13,45,85,0.4
2489,Bojan Velickovic,15,6,1,182.9,170,76,2,37,2.18,34,2.31,57,0.67,25,55,0.5
2490,Karlos Vemola,17,5,0,182.9,185,75,1,41,1.67,44,2.13,37,1.93,25,31,1.7
2491,Luigi Vendramini,9,3,0,172.7,155,73,1,30,2.82,40,3.82,57,1.11,15,100,0.6
2492,Brandon Vera,15,7,0,190.5,230,78,1,48,3.03,56,2.81,52,0.70,53,59,0.2
2493,Marlon Vera,24,12,1,172.7,135,70,3,33,4.24,47,5.39,49,0.57,45,72,0.7
2494,Carlos Vera,12,4,0,167.6,135,69,1,38,1.53,57,2.79,49,0.00,0,25,1.6
2495,Rodrigo Vera,22,1,1,172.7,145,68,1,30,9.27,58,3.82,50,8.18,100,0,0.0
2496,Isis Verbeek,5,2,0,162.6,115,64,1,31,3.13,43,3.53,53,0.00,0,66,0.0
2497,Nikolay Veretennikov,14,8,0,185.4,170,74,1,36,2.74,56,3.43,47,0.40,16,62,0.4
2498,CJ Vergara,12,7,1,167.6,125,68,1,35,5.02,56,4.69,53,0.00,0,60,0.2
2499,Marvin Vettori,19,10,1,182.9,185,74,2,33,4.74,45,4.55,56,1.41,43,68,0.4
2500,Hugo Viana,8,4,0,167.6,135,67,1,44,3.05,38,3.20,57,0.22,6,50,0.0
2501,Polyana Viana,13,9,0,165.1,115,67,1,34,2.82,40,2.74,52,0.67,33,33,1.5
2502,James Vick,13,5,0,190.5,155,76,1,39,4.13,39,3.31,60,0.26,33,57,0.7
2503,Tamires Vidal,7,4,0,167.6,135,68,1,28,2.91,53,4.46,49,0.00,0,35,0.7
2504,Freddy Vidal,4,0,0,190.5,205,80,1,32,2.70,66,2.65,26,0.00,0,60,0.8
2505,Reginaldo Vieira,13,5,0,170.2,135,65,1,43,3.76,40,2.89,59,1.97,27,25,0.8
2506,Ketlen Vieira,16,5,0,172.7,135,68,1,35,2.71,40,3.73,50,1.31,42,90,0.5
2507,Rodolfo Vieira,12,5,0,182.9,185,73,1,37,3.22,54,4.07,49,2.77,21,60,0.8
2508,Gian Villante,17,14,0,190.5,230,76,1,41,4.38,44,5.47,55,0.45,23,83,0.0
2509,Ike Villanueva,18,14,0,185.4,205,73,1,42,3.66,38,7.24,36,0.60,50,100,0.0
2510,Armando Villarreal,5,2,0,170.2,135,66,2,37,3.23,55,4.30,52,3.23,25,0,0.0
2511,Yuri Villefort,10,5,0,182.9,170,73,1,35,3.18,43,5.42,55,2.00,35,40,0.3
2512,Tre'ston Vines,10,4,1,182.9,185,79,1,30,0.78,50,1.68,48,5.39,40,28,0.0
2513,Brandon Visher,13,3,0,167.6,135,68,1,42,2.55,45,3.76,42,0.67,20,0,0.0
2514,Cheyanne Vlismas,7,3,0,160.0,115,63,3,31,4.93,50,2.57,64,0.25,33,66,0.2
2515,Bobby Voelker,19,13,0,182.9,170,74,1,47,4.01,35,5.84,42,1.04,50,66,0.0
2516,Mateo Vogel,8,3,0,172.7,145,71,1,30,4.47,46,2.87,65,1.00,16,0,0.0
2517,Danylo Voievodkin,7,0,0,193.0,265,78,2,26,9.86,46,0.00,100,0.00,0,0,12.3
2518,Alexander Volkanovski,28,4,0,167.6,145,71,1,38,5.99,57,3.31,58,1.63,34,68,0.2
2519,Jacob Volkmann,19,7,0,175.3,155,71,2,46,1.19,34,1.78,52,3.19,48,52,2.0
2520,Alexander Volkov,40,11,0,200.7,250,80,1,37,4.84,57,2.90,54,0.54,62,68,0.2
2521,Mark Vologdin,12,5,2,160.0,135,65,1,26,5.56,45,7.93,45,1.33,26,50,0.0
2522,Jordan Vucenic,13,4,0,177.8,155,73,1,30,2.11,45,1.90,58,0.63,14,44,0.0
2523,Chris Wade,12,3,0,177.8,155,70,1,39,1.70,53,1.75,51,2.60,51,55,1.1
2524,TJ Waldburger,16,9,0,180.3,170,75,1,38,2.02,51,2.39,40,3.03,46,40,4.8
2525,Chase Waldon,11,2,0,185.4,185,75,1,40,1.03,28,6.72,38,7.76,33,0,0.0
2526,Johnny Walker,22,10,0,198.1,205,82,1,34,3.90,54,2.99,46,0.36,50,57,0.7
2527,Brogan Walker,8,5,0,162.6,125,67,3,38,1.84,32,3.32,47,1.02,75,11,0.0
2528,Valter Walker,16,1,0,198.1,244,78,1,28,1.92,52,2.67,43,5.39,69,100,3.6
2529,Julius Walker,7,3,0,193.0,205,78,1,27,3.72,53,4.18,42,4.07,38,100,0.0
2530,Rodney Wallace,26,15,1,175.3,205,72,3,44,1.13,46,3.44,45,6.00,54,28,1.0
2531,Randall Wallace,15,6,0,180.3,185,73,1,37,1.13,38,4.11,45,2.13,50,0,0.0
2532,James Wallace,5,2,0,177.8,155,69,1,33,0.52,28,3.41,35,0.00,0,0,0.0
2533,Richard Walsh,9,5,0,182.9,170,73,1,37,3.84,46,2.72,58,1.55,40,66,0.2
2534,Wang Cong,10,1,0,167.6,125,65,2,34,6.82,58,2.73,60,0.62,75,85,0.6
2535,Joshua Wang-Kim,5,2,0,175.3,135,71,3,33,2.95,40,4.43,60,1.17,100,66,0.0
2536,Brennan Ward,14,5,0,177.8,170,71,3,38,7.20,60,2.76,52,0.00,0,100,3.6
2537,Terrion Ware,17,9,0,172.7,135,71,1,40,4.02,32,6.07,50,0.50,22,44,0.0
2538,Dominic Waters,9,5,0,185.4,170,79,1,37,0.48,23,2.53,39,4.07,52,28,0.0
2539,Trey Waters,9,2,0,195.6,170,77,1,31,6.39,44,5.83,55,0.40,33,85,0.8
2540,Michelle Waterson-Gomez,18,13,0,160.0,115,62,1,40,3.42,46,4.25,48,1.39,33,69,0.6
2541,Walel Watson,14,10,0,180.3,135,75,1,42,2.10,29,3.79,43,0.00,0,61,1.4
2542,Tom Watson,17,9,0,185.4,185,73,1,44,4.01,44,4.41,50,0.15,7,43,0.0
2543,Brok Weaver,15,6,0,182.9,155,73,2,34,4.78,64,4.35,46,0.41,10,66,0.4
2544,Royston Wee,4,1,0,170.2,135,67,1,39,1.10,60,2.45,49,3.38,81,0,0.0
2545,Darian Weeks,5,3,0,180.3,170,72,1,32,4.49,51,4.56,51,2.00,30,100,0.0
2546,Joshua Weems,11,3,0,172.7,135,69,1,32,5.25,64,3.34,61,4.77,40,100,0.0
2547,Daniel Weichel,39,9,0,177.8,145,70,3,41,5.71,42,4.05,61,0.84,50,83,0.0
2548,Chris Weidman,16,8,0,188.0,185,78,1,42,3.11,45,3.37,51,3.27,42,72,0.8
2549,Christian Wellisch,8,5,0,188.0,234,77,1,51,3.12,27,3.04,56,1.22,42,45,1.2
2550,Malcolm Wellmaker,10,2,0,177.8,135,71,3,32,4.58,55,4.23,52,0.00,0,46,0.0
2551,Jeremiah Wells,14,4,1,175.3,170,74,3,39,2.21,44,1.43,44,2.81,48,45,1.3
2552,Fabricio Werdum,24,9,1,193.0,231,77,1,49,3.59,52,2.64,55,1.75,31,31,1.2
2553,Sheldon Westcott,10,3,1,185.4,170,71,2,42,2.26,40,3.73,37,3.23,37,14,0.0
2554,Coty Wheeler,14,5,0,167.6,135,67,1,47,1.88,22,3.16,59,0.87,37,33,2.6
2555,Alex White,13,6,0,182.9,155,71,2,37,3.76,42,3.07,60,0.92,28,71,0.5
2556,Craig White,14,9,0,188.0,170,76,1,36,1.23,40,3.28,39,0.00,0,50,0.8
2557,Patrik White,9,2,0,182.9,155,72,1,33,9.77,49,6.28,60,0.00,0,50,0.0
2558,Robert Whiteford,14,4,0,175.3,145,69,2,43,2.33,46,1.99,62,1.90,30,45,0.0
2559,Garett Whiteley,7,3,0,182.9,155,72,1,45,3.72,48,4.04,46,0.00,0,27,0.9
2560,Emily Whitmire,4,5,0,165.1,125,63,1,35,2.50,31,2.98,54,1.90,66,70,0.5
2561,Robert Whittaker,28,9,0,182.9,205,73,1,35,4.41,43,3.40,59,0.71,38,80,0.0
2562,Josh Wick,12,6,0,175.3,155,69,3,31,0.65,60,6.52,41,0.00,0,80,0.0
2563,Adam Wieczorek,10,2,0,195.6,250,81,1,34,1.68,38,1.87,48,0.41,33,58,0.4
2564,Jakub Wiklacz,18,3,2,177.8,135,72,1,30,3.40,44,3.87,46,0.00,0,41,2.5
2565,Mike Wilkinson,9,4,0,170.2,145,66,1,39,2.35,38,3.70,35,0.92,14,55,0.9
2566,Rob Wilkinson,11,2,0,190.5,185,80,1,34,2.74,50,5.66,39,4.47,25,0,0.0
2567,James Wilks,7,4,0,185.4,170,75,1,48,1.82,45,2.03,50,1.27,22,66,3.8
2568,Patrick Williams,8,6,0,172.7,135,73,1,45,4.12,51,4.12,52,2.71,41,100,0.5
2569,Tim Williams,15,5,0,188.0,185,76,1,40,3.07,38,3.55,48,1.81,40,100,0.0
2570,Jordan Williams,9,6,0,185.4,185,75,2,35,5.83,50,5.46,35,1.11,50,85,0.0
2571,Cole Williams,11,3,0,182.9,170,73,1,42,0.31,27,5.34,23,0.00,0,25,0.0
2572,Khaos Williams,16,5,0,182.9,170,77,1,32,4.97,39,5.34,41,0.00,0,51,0.0
2573,Karl Williams,10,2,0,190.5,235,79,1,36,2.68,48,2.15,55,4.20,48,100,0.2
2574,Tyshawn Williams,9,0,0,167.6,145,72,3,30,4.53,82,1.20,71,6.00,35,0,0.0
2575,Justin Willis,8,2,0,185.4,264,78,2,39,3.37,59,2.57,57,0.96,66,36,0.0
2576,Chris Wilson,18,10,0,185.4,170,75,1,49,2.32,50,1.36,55,1.31,50,60,1.6
2577,Jonathan Wilson,7,3,0,188.0,205,75,2,39,2.92,48,5.65,56,0.37,100,80,0.0
2578,Westin Wilson,17,10,0,185.4,145,73,2,37,1.57,31,6.71,30,1.57,16,33,7.9
2579,Damon Wilson,9,3,0,175.3,145,69,3,33,7.56,49,8.27,52,0.00,0,0,0.0
2580,Matt Wiman,16,10,0,177.8,155,68,1,43,3.17,50,3.57,51,2.13,37,56,1.5
2581,Eddie Wineland,24,16,1,170.2,135,69,1,42,3.40,29,3.76,68,0.34,33,86,0.1
2582,Deron Winn,7,3,0,167.6,185,70,1,37,4.55,44,6.21,46,4.28,52,40,0.0
2583,Andre Winner,21,11,2,180.3,155,73,1,44,2.52,33,4.57,51,0.00,0,74,0.0
2584,Anthony Wint,8,0,0,180.3,231,78,1,31,3.56,66,0.20,83,2.97,33,100,3.0
2585,Jason Witt,19,9,0,177.8,170,70,1,39,2.15,44,2.54,52,6.90,48,100,0.9
2586,Danyelle Wolf,1,1,0,180.3,145,70,1,43,2.37,25,4.57,47,0.00,0,77,0.5
2587,Kwon WonIl,14,7,0,177.8,135,71,1,31,3.93,40,5.37,56,0.00,0,73,0.0
2588,Joanne Wood,17,8,0,167.6,125,65,1,40,7.10,51,4.89,51,1.52,55,58,0.3
2589,Nathaniel Wood,23,7,0,167.6,145,69,1,33,5.36,50,4.19,54,1.25,48,75,0.4
2590,Val Woodburn,7,2,0,172.7,170,74,1,33,1.60,35,4.93,36,1.92,100,50,0.0
2591,Tyron Woodley,19,7,1,175.3,170,74,1,44,2.36,48,2.76,54,1.06,40,87,0.4
2592,Sean Woodson,14,2,1,188.0,145,78,1,34,5.39,46,4.04,58,0.52,45,85,0.3
2593,Khama Worthy,16,9,0,180.3,155,74,1,39,4.18,48,4.45,46,0.00,0,57,0.7
2594,Jordan Wright,12,5,0,188.0,205,77,1,34,4.10,56,6.03,31,2.09,45,100,0.4
2595,Wu Yanan,13,6,0,172.7,135,66,1,30,4.23,41,4.95,49,0.62,30,63,0.2
2596,Wulijiburen,20,9,0,175.3,135,69,1,37,1.61,42,3.02,56,3.28,42,77,0.4
2597,Wuziazibieke Jiahefu,29,12,1,175.3,145,70,1,36,0.41,50,2.84,41,6.08,50,0,0.0
2598,Xiao Long,27,12,0,172.7,135,70,1,28,5.05,47,3.92,50,0.73,27,82,0.0
2599,Xie Bin,15,6,0,180.3,145,71,1,28,4.10,44,2.81,59,2.60,42,40,0.0
2600,Xiong Jingnan,19,4,0,162.6,115,63,3,38,4.64,35,7.62,37,0.00,0,75,0.0
2601,Rani Yahya,28,12,1,167.6,135,67,1,42,1.71,38,2.08,50,2.73,30,29,1.8
2602,Mohammad Yahya,12,6,0,175.3,145,73,3,32,3.50,39,6.39,43,0.50,20,42,0.5
2603,Abdul Rakhman Yakhyaev,10,0,0,188.0,205,78,1,25,8.64,68,2.22,59,11.11,75,100,7.4
2604,Alexander Yakovlev,24,10,1,190.5,155,74,2,42,1.74,47,2.41,58,1.66,35,72,0.1
2605,Norifumi Yamamoto,18,6,0,162.6,135,66,2,49,2.09,45,2.01,57,0.41,22,45,0.0
2606,Wataru Yamauchi,7,2,0,167.6,125,68,1,27,4.01,52,3.57,62,0.00,0,66,0.0
2607,Yan Xiaonan,19,6,0,165.1,115,63,1,37,4.67,44,3.24,60,0.82,73,64,0.0
2608,Petr Yan,20,5,0,170.2,135,67,3,33,5.16,54,4.24,59,1.70,49,86,0.1
2609,Yan Qihui,25,5,0,160.0,125,62,1,29,4.38,46,5.06,54,3.68,69,62,0.0
2610,Yuito Yanagawa,8,2,0,172.7,145,68,1,25,0.30,33,3.32,42,0.00,0,100,4.5
2611,Adam Yandiev,9,1,0,175.3,185,74,1,38,0.18,8,6.14,36,0.00,0,25,0.0
2612,Adrian Yanez,18,6,1,170.2,135,70,1,32,5.95,41,5.22,56,0.00,0,76,0.0
2613,Dongi Yang,13,3,0,177.8,185,73,2,41,3.55,51,3.21,63,1.70,41,61,0.5
2614,John Yannis,10,5,0,170.2,135,70,2,32,3.56,49,4.07,62,0.00,0,80,0.0
2615,Yibugele,24,13,1,170.2,145,69,2,36,2.87,41,5.50,54,0.00,0,81,0.0
2616,Yin Shuai,18,7,0,165.1,125,66,2,29,4.31,43,4.58,52,4.12,40,78,0.0
2617,Yizha,26,6,0,170.2,145,71,1,29,3.25,47,2.88,49,3.42,33,64,0.9
2618,Ashley Yoder,8,9,0,170.2,115,69,2,38,3.42,39,4.13,47,1.09,27,66,0.6
2619,SangHoon Yoo,8,2,0,182.9,170,74,1,36,4.83,65,6.11,40,0.53,100,69,0.5
2620,JooSang Yoo,9,2,0,170.2,145,71,1,32,3.99,43,4.76,53,0.72,25,66,0.0
2621,ChangMin Yoon,8,3,1,172.7,145,70,1,32,5.70,48,2.15,64,1.90,28,100,0.0
2622,Yoshiyuki Yoshida,18,9,0,180.3,170,70,2,52,0.85,36,3.67,36,1.41,28,25,2.8
2623,Kai Yoshida,6,2,0,175.3,125,69,2,26,4.32,50,4.96,54,0.00,0,100,0.0
2624,SuYoung You,16,4,0,167.6,135,65,1,30,2.15,47,2.01,68,4.26,47,66,0.4
2625,Jason Young,9,6,0,175.3,145,73,1,40,2.97,37,3.20,50,1.98,66,55,0.0
2626,Shane Young,13,8,0,172.7,145,72,1,33,5.19,40,5.46,52,0.63,18,64,0.0
2627,Shanna Young,9,6,0,170.2,125,65,1,35,3.18,47,4.88,43,0.00,0,53,0.6
2628,Gauge Young,11,4,0,175.3,155,70,1,26,6.88,52,5.73,52,1.20,31,75,0.0
2629,Sodiq Yusuff,13,5,0,175.3,155,71,1,33,5.27,49,4.29,53,0.36,23,62,0.4
2630,Gilbert Yvel,39,16,1,188.0,225,77,1,50,1.05,47,1.78,50,0.00,0,25,1.0
2631,Luke Zachrich,14,4,0,188.0,185,74,1,44,4.56,32,4.46,62,0.74,33,80,0.0
2632,Aiemann Zahabi,14,3,0,172.7,135,68,1,38,4.47,48,4.11,68,0.12,14,83,0.0
2633,Youssef Zalal,18,6,1,177.8,145,72,3,30,2.78,50,1.79,64,1.84,31,55,1.3
2634,Elizeu Zaleski dos Santos,25,10,1,180.3,170,73,1,39,4.16,41,3.56,55,0.79,20,67,0.4
2635,Zach Zane,10,7,0,170.2,145,69,2,36,0.87,56,6.67,20,0.00,0,26,0.0
2636,David Zawada,17,7,0,182.9,170,75,1,36,3.84,41,4.54,55,0.97,33,57,1.7
2637,Magomed Zaynukov,9,0,0,177.8,155,68,1,31,10.30,59,2.93,62,2.00,50,85,0.0
2638,Manolo Zecchini,11,5,0,172.7,145,68,1,29,3.72,28,12.82,45,0.00,0,0,0.0
2639,Daniel Zellhuber,15,4,0,185.4,155,77,3,27,5.45,38,6.17,54,0.14,25,81,0.3
2640,Rickson Zenidim,14,2,0,170.2,125,67,1,27,1.67,32,4.07,33,0.00,0,0,0.0
2641,Zhang Tiequan,15,4,0,172.7,155,69,1,48,1.23,36,2.14,51,1.95,58,75,3.4
2642,Zhang Lipeng,23,9,1,180.3,155,71,2,36,1.28,48,1.88,53,1.75,30,69,0.8
2643,Zhang Weili,26,4,0,162.6,115,63,3,37,4.66,52,2.63,53,1.96,44,63,0.5
2644,Zhang Mingyang,19,8,0,188.0,205,75,1,28,7.01,58,5.55,43,0.00,0,75,0.0
2645,Zhang Qinghe,16,8,1,170.2,135,67,2,24,2.87,33,4.73,49,0.00,0,50,0.0
2646,Daermisi Zhawupasi,9,2,0,172.7,135,68,3,27,1.86,40,2.36,55,7.74,65,53,1.4
2647,Daria Zhelezniakova,10,3,0,175.3,135,68,1,30,4.13,40,3.38,64,0.31,100,50,0.0
2648,Yao Zhikui,2,4,0,165.1,125,64,1,35,1.44,21,2.82,48,0.66,16,58,0.0
2649,Zhu Kangjie,21,5,0,167.6,145,70,1,30,2.93,48,1.64,66,0.32,100,50,0.0
2650,Zhalgas Zhumagulov,14,9,0,162.6,125,66,3,38,5.24,43,5.86,52,1.30,19,75,0.2
2651,Fares Ziam,18,6,0,185.4,155,75,1,29,2.70,52,1.63,63,1.84,42,70,0.5
2652,Cat Zingano,10,4,0,167.6,145,68,2,44,2.57,61,1.63,47,2.77,65,42,0.8
2653,Allan Zuniga,13,1,0,170.2,155,70,1,34,3.93,52,1.80,61,0.00,0,57,1.0
2654,Brahyam Zurcher,9,1,0,177.8,145,70,1,30,1.86,15,5.57,59,0.00,0,0,0.0
2655,Virgil Zwicker,15,6,1,188.0,205,74,3,44,3.34,48,4.87,39,1.31,30,50,0.0
